locationName,start,end,runtime (sec)
flevopark_1,2021-11-28 05:00:00,2021-11-28 05:27:47,1667.0
flevopark_1,2021-09-29 20:46:20,2021-09-29 21:50:36,3856.0
flevopark_1,2021-11-26 07:23:10,2021-11-26 08:58:07,5697.0
flevopark_1,2021-11-24 16:00:00,2021-11-24 18:22:44,8564.0
flevopark_1,2021-09-28 20:46:20,2021-09-28 21:59:57,4417.0
flevopark_1,2021-11-25 20:46:20,2021-11-25 21:51:12,3892.0
flevopark_1,2021-09-28 16:00:00,2021-09-28 18:23:06,8586.0
flevopark_1,2021-09-30 05:00:00,2021-09-30 06:56:53,7013.0
flevopark_1,2021-10-02 16:00:00,2021-10-02 16:13:51,831.0
flevopark_1,2021-11-26 18:23:10,2021-11-26 20:26:12,7382.0
flevopark_1,2021-11-28 18:23:10,2021-11-28 18:34:03,653.0
flevopark_1,2021-09-29 16:00:00,2021-09-29 18:16:59,8219.0
flevopark_1,2021-12-01 05:00:00,2021-12-01 05:08:24,504.0
flevopark_1,2021-11-27 18:23:10,2021-11-27 19:25:32,3742.0
flevopark_1,2021-11-25 16:00:00,2021-11-25 18:19:38,8378.0
flevopark_1,2021-11-29 05:00:00,2021-11-29 06:40:39,6039.0
flevopark_1,2021-10-09 05:00:00,2021-10-09 05:00:46,46.0
flevopark_1,2021-09-30 18:23:10,2021-09-30 20:46:18,8588.0
flevopark_1,2021-09-28 18:23:10,2021-09-28 20:46:13,8583.0
flevopark_1,2021-10-04 05:00:00,2021-10-04 05:05:07,307.0
flevopark_1,2021-09-30 16:00:00,2021-09-30 18:21:49,8509.0
flevopark_1,2021-10-01 05:00:00,2021-10-01 07:15:28,8128.0
flevopark_1,2021-10-02 05:00:00,2021-10-02 06:30:51,5451.0
flevopark_1,2021-11-25 18:23:10,2021-11-25 20:37:54,8084.0
flevopark_1,2021-11-25 05:00:00,2021-11-25 07:11:13,7873.0
flevopark_1,2021-11-27 05:00:00,2021-11-27 07:12:00,7920.0
flevopark_1,2021-09-29 18:23:10,2021-09-29 20:46:10,8580.0
flevopark_1,2021-11-24 18:23:10,2021-11-24 20:41:37,8307.0
flevopark_1,2021-10-06 16:00:00,2021-10-06 16:01:25,85.0
flevopark_1,2021-11-26 05:00:00,2021-11-26 06:36:28,5788.0
flevopark_1,2021-11-28 16:00:00,2021-11-28 16:09:35,575.0
flevopark_1,2021-10-07 05:00:00,2021-10-07 05:00:36,36.0
flevopark_1,2021-09-29 07:23:10,2021-09-29 08:55:28,5538.0
flevopark_1,2021-11-27 16:00:00,2021-11-27 18:05:23,7523.0
flevopark_1,2021-10-07 16:00:00,2021-10-07 16:00:08,8.0
flevopark_1,2021-11-25 07:23:10,2021-11-25 08:32:01,4131.0
flevopark_1,2021-11-26 16:00:00,2021-11-26 17:54:30,6870.0
flevopark_1,2021-10-04 16:00:00,2021-10-04 16:07:22,442.0
flevopark_1,2021-09-30 20:46:20,2021-09-30 21:59:50,4410.0
flevopark_1,2021-10-01 16:00:00,2021-10-01 18:22:29,8549.0
flevopark_1,2021-11-29 16:00:00,2021-11-29 18:05:38,7538.0
flevopark_1,2021-11-29 07:23:10,2021-11-29 08:49:37,5187.0
flevopark_1,2021-10-03 16:00:00,2021-10-03 16:06:11,371.0
flevopark_1,2021-10-01 07:23:10,2021-10-01 08:57:10,5640.0
flevopark_1,2021-10-05 05:00:00,2021-10-05 05:02:24,144.0
flevopark_1,2021-11-28 07:23:10,2021-11-28 08:57:00,5630.0
flevopark_1,2021-11-24 20:46:20,2021-11-24 21:59:29,4389.0
flevopark_1,2021-09-30 07:23:10,2021-09-30 08:58:44,5734.0
flevopark_1,2021-09-29 05:00:00,2021-09-29 07:16:05,8165.0
flevopark_1,2021-11-27 07:23:10,2021-11-27 08:54:06,5456.0
flevopark_1,2021-10-01 18:23:10,2021-10-01 20:46:04,8574.0
flevopark_1,2021-10-01 20:46:20,2021-10-01 21:59:57,4417.0
flevopark_10,2021-11-26 20:46:20,2021-11-26 21:38:32,3132.0
flevopark_10,2021-11-25 05:00:00,2021-11-25 07:07:45,7665.0
flevopark_10,2021-11-25 18:23:10,2021-11-25 20:22:45,7175.0
flevopark_10,2021-11-28 18:23:10,2021-11-28 18:25:58,168.0
flevopark_10,2021-11-27 05:00:00,2021-11-27 07:14:14,8054.0
flevopark_10,2021-11-25 16:00:00,2021-11-25 18:22:16,8536.0
flevopark_10,2021-11-30 05:00:00,2021-11-30 05:24:53,1493.0
flevopark_10,2021-11-26 07:23:10,2021-11-26 08:56:41,5611.0
flevopark_10,2021-11-29 16:00:00,2021-11-29 17:55:39,6939.0
flevopark_10,2021-11-26 05:00:00,2021-11-26 07:22:30,8550.0
flevopark_10,2021-11-27 07:23:10,2021-11-27 08:52:06,5336.0
flevopark_10,2021-11-24 18:23:10,2021-11-24 20:42:06,8336.0
flevopark_10,2021-11-27 18:23:10,2021-11-27 20:06:35,6205.0
flevopark_10,2021-11-24 16:00:00,2021-11-24 18:21:12,8472.0
flevopark_10,2021-11-24 20:46:20,2021-11-24 21:51:43,3923.0
flevopark_10,2021-11-29 07:23:10,2021-11-29 07:28:38,328.0
flevopark_10,2021-11-28 05:00:00,2021-11-28 07:01:15,7275.0
flevopark_10,2021-11-25 20:46:20,2021-11-25 21:43:40,3440.0
flevopark_10,2021-11-26 16:00:00,2021-11-26 17:30:00,5400.0
flevopark_10,2021-11-28 16:00:00,2021-11-28 17:41:19,6079.0
flevopark_10,2021-11-27 16:00:00,2021-11-27 18:08:12,7692.0
flevopark_10,2021-11-27 20:46:20,2021-11-27 21:56:36,4216.0
flevopark_10,2021-11-25 07:23:10,2021-11-25 07:45:41,1351.0
flevopark_11,2021-11-28 16:00:00,2021-11-28 18:18:45,8325.0
flevopark_11,2021-11-26 05:00:00,2021-11-26 07:19:14,8354.0
flevopark_11,2021-12-01 05:00:00,2021-12-01 05:03:11,191.0
flevopark_11,2021-11-29 07:23:10,2021-11-29 08:56:09,5579.0
flevopark_11,2021-11-26 16:00:00,2021-11-26 18:21:16,8476.0
flevopark_11,2021-11-27 05:00:00,2021-11-27 07:20:44,8444.0
flevopark_11,2021-11-27 07:23:10,2021-11-27 08:44:33,4883.0
flevopark_11,2021-11-26 18:23:10,2021-11-26 20:42:08,8338.0
flevopark_11,2021-11-26 20:46:20,2021-11-26 21:53:12,4012.0
flevopark_11,2021-11-29 16:00:00,2021-11-29 18:18:26,8306.0
flevopark_11,2021-11-24 18:23:10,2021-11-24 20:42:16,8346.0
flevopark_11,2021-11-27 18:23:10,2021-11-27 20:44:10,8460.0
flevopark_11,2021-11-29 18:23:10,2021-11-29 19:58:25,5715.0
flevopark_11,2021-11-30 16:00:00,2021-11-30 16:16:24,984.0
flevopark_11,2021-11-24 20:46:20,2021-11-24 21:54:59,4119.0
flevopark_11,2021-11-28 20:46:20,2021-11-28 21:56:21,4201.0
flevopark_11,2021-11-25 16:00:00,2021-11-25 18:22:03,8523.0
flevopark_11,2021-11-29 05:00:00,2021-11-29 07:06:56,7616.0
flevopark_11,2021-11-27 16:00:00,2021-11-27 18:17:56,8276.0
flevopark_11,2021-11-24 16:00:00,2021-11-24 18:22:10,8530.0
flevopark_11,2021-11-25 05:00:00,2021-11-25 07:21:40,8500.0
flevopark_11,2021-11-25 20:46:20,2021-11-25 21:59:22,4382.0
flevopark_11,2021-11-25 18:23:10,2021-11-25 20:45:58,8568.0
flevopark_11,2021-11-25 07:23:10,2021-11-25 08:55:40,5550.0
flevopark_11,2021-11-27 20:46:20,2021-11-27 21:51:59,3939.0
flevopark_11,2021-11-28 18:23:10,2021-11-28 20:43:04,8394.0
flevopark_11,2021-11-26 07:23:10,2021-11-26 08:58:25,5715.0
flevopark_11,2021-11-28 07:23:10,2021-11-28 08:50:42,5252.0
flevopark_11,2021-11-28 05:00:00,2021-11-28 07:22:52,8572.0
flevopark_12,2021-11-24 20:46:20,2021-11-24 21:59:54,4414.0
flevopark_12,2021-11-30 05:00:00,2021-11-30 05:09:55,595.0
flevopark_12,2021-11-15 07:23:10,2021-11-15 08:58:23,5713.0
flevopark_12,2021-11-25 07:23:10,2021-11-25 08:55:34,5544.0
flevopark_12,2021-11-15 16:00:00,2021-11-15 18:22:33,8553.0
flevopark_12,2021-11-26 20:46:20,2021-11-26 21:59:34,4394.0
flevopark_12,2021-11-15 20:46:20,2021-11-15 21:59:38,4398.0
flevopark_12,2021-11-27 16:00:00,2021-11-27 18:22:51,8571.0
flevopark_12,2021-11-26 07:23:10,2021-11-26 08:53:20,5410.0
flevopark_12,2021-11-29 07:23:10,2021-11-29 08:59:53,5803.0
flevopark_12,2021-11-28 20:46:20,2021-11-28 21:58:52,4352.0
flevopark_12,2021-11-27 05:00:00,2021-11-27 07:10:05,7805.0
flevopark_12,2021-11-29 05:00:00,2021-11-29 07:14:31,8071.0
flevopark_12,2021-11-28 05:00:00,2021-11-28 07:23:06,8586.0
flevopark_12,2021-12-01 16:00:00,2021-12-01 16:06:17,377.0
flevopark_12,2021-11-28 07:23:10,2021-11-28 08:59:56,5806.0
flevopark_12,2021-11-28 16:00:00,2021-11-28 18:21:49,8509.0
flevopark_12,2021-11-27 20:46:20,2021-11-27 21:59:31,4391.0
flevopark_12,2021-11-27 07:23:10,2021-11-27 08:59:20,5770.0
flevopark_12,2021-11-29 16:00:00,2021-11-29 18:13:13,7993.0
flevopark_12,2021-11-28 18:23:10,2021-11-28 20:45:47,8557.0
flevopark_12,2021-11-15 18:23:10,2021-11-15 20:45:51,8561.0
flevopark_12,2021-11-24 18:23:10,2021-11-24 20:46:04,8574.0
flevopark_12,2021-11-26 05:00:00,2021-11-26 07:22:51,8571.0
flevopark_12,2021-11-25 20:46:20,2021-11-25 21:58:44,4344.0
flevopark_12,2021-11-16 07:23:10,2021-11-16 08:59:52,5802.0
flevopark_12,2021-11-26 18:23:10,2021-11-26 20:42:15,8345.0
flevopark_12,2021-11-25 05:00:00,2021-11-25 07:20:40,8440.0
flevopark_12,2021-11-26 16:00:00,2021-11-26 18:13:26,8006.0
flevopark_12,2021-11-30 16:00:00,2021-11-30 16:12:28,748.0
flevopark_12,2021-11-27 18:23:10,2021-11-27 20:46:17,8587.0
flevopark_12,2021-11-16 05:00:00,2021-11-16 07:22:20,8540.0
flevopark_12,2021-11-25 18:23:10,2021-11-25 20:45:44,8554.0
flevopark_13,2021-09-28 16:00:00,2021-09-28 18:23:07,8587.0
flevopark_13,2021-10-06 16:00:00,2021-10-06 16:03:33,213.0
flevopark_13,2021-11-26 18:23:10,2021-11-26 20:44:59,8509.0
flevopark_13,2021-09-30 20:46:20,2021-09-30 22:00:00,4420.0
flevopark_13,2021-11-25 16:00:00,2021-11-25 18:19:26,8366.0
flevopark_13,2021-12-02 05:00:00,2021-12-02 05:07:47,467.0
flevopark_13,2021-11-26 05:00:00,2021-11-26 07:23:09,8589.0
flevopark_13,2021-09-29 05:00:00,2021-09-29 07:22:59,8579.0
flevopark_13,2021-11-25 18:23:10,2021-11-25 20:23:22,7212.0
flevopark_13,2021-11-27 18:23:10,2021-11-27 20:46:12,8582.0
flevopark_13,2021-09-30 18:23:10,2021-09-30 20:46:18,8588.0
flevopark_13,2021-10-01 20:46:20,2021-10-01 22:00:00,4420.0
flevopark_13,2021-09-29 20:46:20,2021-09-29 21:59:54,4414.0
flevopark_13,2021-11-24 20:46:20,2021-11-24 21:58:35,4335.0
flevopark_13,2021-10-01 18:23:10,2021-10-01 20:46:10,8580.0
flevopark_13,2021-10-04 16:00:00,2021-10-04 16:06:52,412.0
flevopark_13,2021-10-09 16:00:00,2021-10-09 16:00:13,13.0
flevopark_13,2021-09-30 07:23:10,2021-09-30 08:59:08,5758.0
flevopark_13,2021-10-01 07:23:10,2021-10-01 08:59:43,5793.0
flevopark_13,2021-09-29 18:23:10,2021-09-29 20:46:18,8588.0
flevopark_13,2021-10-08 05:00:00,2021-10-08 05:01:37,97.0
flevopark_13,2021-12-01 05:00:00,2021-12-01 05:09:46,586.0
flevopark_13,2021-11-25 07:23:10,2021-11-25 08:59:52,5802.0
flevopark_13,2021-11-25 20:46:20,2021-11-25 21:56:51,4231.0
flevopark_13,2021-10-07 16:00:00,2021-10-07 16:02:29,149.0
flevopark_13,2021-11-26 07:23:10,2021-11-26 08:57:43,5673.0
flevopark_13,2021-11-28 20:46:20,2021-11-28 21:57:16,4256.0
flevopark_13,2021-11-28 05:00:00,2021-11-28 07:22:13,8533.0
flevopark_13,2021-11-26 16:00:00,2021-11-26 18:22:56,8576.0
flevopark_13,2021-09-30 05:00:00,2021-09-30 07:23:09,8589.0
flevopark_13,2021-09-28 18:23:10,2021-09-28 20:46:13,8583.0
flevopark_13,2021-10-03 16:00:00,2021-10-03 16:09:12,552.0
flevopark_13,2021-12-01 16:00:00,2021-12-01 16:10:41,641.0
flevopark_13,2021-10-01 16:00:00,2021-10-01 18:23:05,8585.0
flevopark_13,2021-10-09 05:00:00,2021-10-09 05:00:30,30.0
flevopark_13,2021-09-28 20:46:20,2021-09-28 21:59:57,4417.0
flevopark_13,2021-10-05 16:00:00,2021-10-05 16:04:46,286.0
flevopark_13,2021-11-28 18:23:10,2021-11-28 20:39:18,8168.0
flevopark_13,2021-09-29 16:00:00,2021-09-29 18:23:08,8588.0
flevopark_13,2021-09-29 07:23:10,2021-09-29 08:59:58,5808.0
flevopark_13,2021-11-27 07:23:10,2021-11-27 08:59:54,5804.0
flevopark_13,2021-11-28 16:00:00,2021-11-28 18:22:19,8539.0
flevopark_13,2021-10-07 05:00:00,2021-10-07 05:03:12,192.0
flevopark_13,2021-11-27 20:46:20,2021-11-27 21:59:39,4399.0
flevopark_13,2021-09-30 16:00:00,2021-09-30 18:23:06,8586.0
flevopark_13,2021-11-27 16:00:00,2021-11-27 18:22:56,8576.0
flevopark_13,2021-10-01 05:00:00,2021-10-01 07:22:29,8549.0
flevopark_13,2021-10-05 05:00:00,2021-10-05 05:06:20,380.0
flevopark_13,2021-11-25 05:00:00,2021-11-25 07:20:57,8457.0
flevopark_13,2021-11-28 07:23:10,2021-11-28 08:59:53,5803.0
flevopark_2,2021-09-29 05:00:00,2021-09-29 06:49:29,6569.0
flevopark_2,2021-11-24 20:46:20,2021-11-24 21:59:29,4389.0
flevopark_2,2021-11-26 20:46:20,2021-11-26 21:59:36,4396.0
flevopark_2,2021-11-27 16:00:00,2021-11-27 18:16:55,8215.0
flevopark_2,2021-11-29 18:23:10,2021-11-29 20:37:57,8087.0
flevopark_2,2021-09-29 07:23:10,2021-09-29 08:59:29,5779.0
flevopark_2,2021-09-29 16:00:00,2021-09-29 18:23:05,8585.0
flevopark_2,2021-11-24 16:00:00,2021-11-24 18:23:09,8589.0
flevopark_2,2021-11-25 07:23:10,2021-11-25 08:57:57,5687.0
flevopark_2,2021-11-25 18:23:10,2021-11-25 20:46:14,8584.0
flevopark_2,2021-11-29 16:00:00,2021-11-29 18:12:04,7924.0
flevopark_2,2021-11-26 16:00:00,2021-11-26 18:22:03,8523.0
flevopark_2,2021-09-30 07:23:10,2021-09-30 08:59:52,5802.0
flevopark_2,2021-11-25 20:46:20,2021-11-25 21:59:56,4416.0
flevopark_2,2021-09-29 18:23:10,2021-09-29 20:45:26,8536.0
flevopark_2,2021-11-24 18:23:10,2021-11-24 20:46:01,8571.0
flevopark_2,2021-11-28 07:23:10,2021-11-28 08:55:28,5538.0
flevopark_2,2021-11-26 18:23:10,2021-11-26 20:45:23,8533.0
flevopark_2,2021-11-27 05:00:00,2021-11-27 07:17:55,8275.0
flevopark_2,2021-11-27 20:46:20,2021-11-27 21:48:10,3710.0
flevopark_2,2021-11-27 07:23:10,2021-11-27 08:58:36,5726.0
flevopark_2,2021-09-30 16:00:00,2021-09-30 18:23:09,8589.0
flevopark_2,2021-11-26 07:23:10,2021-11-26 08:55:26,5536.0
flevopark_2,2021-11-28 16:00:00,2021-11-28 18:16:41,8201.0
flevopark_2,2021-11-30 05:00:00,2021-11-30 05:21:15,1275.0
flevopark_2,2021-12-01 05:00:00,2021-12-01 05:01:16,76.0
flevopark_2,2021-11-27 18:23:10,2021-11-27 20:06:48,6218.0
flevopark_2,2021-11-30 16:00:00,2021-11-30 16:04:16,256.0
flevopark_2,2021-11-29 07:23:10,2021-11-29 08:58:51,5741.0
flevopark_2,2021-11-28 18:23:10,2021-11-28 20:06:37,6207.0
flevopark_2,2021-11-29 05:00:00,2021-11-29 07:22:16,8536.0
flevopark_2,2021-11-28 05:00:00,2021-11-28 07:22:11,8531.0
flevopark_2,2021-11-25 16:00:00,2021-11-25 18:22:46,8566.0
flevopark_2,2021-11-25 05:00:00,2021-11-25 07:20:11,8411.0
flevopark_2,2021-09-30 18:23:10,2021-09-30 20:08:04,6294.0
flevopark_2,2021-11-26 05:00:00,2021-11-26 07:15:45,8145.0
flevopark_2,2021-09-29 20:46:20,2021-09-29 21:59:51,4411.0
flevopark_2,2021-09-30 05:00:00,2021-09-30 05:35:56,2156.0
flevopark_3,2021-09-29 07:23:10,2021-09-29 08:44:08,4858.0
flevopark_3,2021-09-30 16:00:00,2021-09-30 18:23:09,8589.0
flevopark_3,2021-10-01 05:00:00,2021-10-01 06:55:13,6913.0
flevopark_3,2021-11-25 05:00:00,2021-11-25 07:18:20,8300.0
flevopark_3,2021-11-28 16:00:00,2021-11-28 18:16:39,8199.0
flevopark_3,2021-11-29 16:00:00,2021-11-29 18:18:24,8304.0
flevopark_3,2021-11-28 07:23:10,2021-11-28 08:54:25,5475.0
flevopark_3,2021-11-27 20:46:20,2021-11-27 21:59:47,4407.0
flevopark_3,2021-11-27 05:00:00,2021-11-27 06:54:48,6888.0
flevopark_3,2021-11-27 18:23:10,2021-11-27 20:46:18,8588.0
flevopark_3,2021-11-26 20:46:20,2021-11-26 21:55:14,4134.0
flevopark_3,2021-11-27 07:23:10,2021-11-27 08:59:45,5795.0
flevopark_3,2021-11-28 20:46:20,2021-11-28 21:59:41,4401.0
flevopark_3,2021-11-26 18:23:10,2021-11-26 20:44:41,8491.0
flevopark_3,2021-11-26 07:23:10,2021-11-26 08:56:58,5628.0
flevopark_3,2021-11-28 05:00:00,2021-11-28 07:20:09,8409.0
flevopark_3,2021-09-30 07:23:10,2021-09-30 08:59:36,5786.0
flevopark_3,2021-09-29 16:00:00,2021-09-29 18:22:59,8579.0
flevopark_3,2021-11-29 05:00:00,2021-11-29 07:19:36,8376.0
flevopark_3,2021-11-27 16:00:00,2021-11-27 18:18:27,8307.0
flevopark_3,2021-11-26 16:00:00,2021-11-26 18:22:40,8560.0
flevopark_3,2021-11-28 18:23:10,2021-11-28 20:45:16,8526.0
flevopark_3,2021-11-29 18:23:10,2021-11-29 20:21:32,7102.0
flevopark_3,2021-11-26 05:00:00,2021-11-26 07:20:31,8431.0
flevopark_3,2021-09-30 20:46:20,2021-09-30 21:59:52,4412.0
flevopark_3,2021-11-24 20:46:20,2021-11-24 21:59:39,4399.0
flevopark_3,2021-09-30 05:00:00,2021-09-30 07:23:07,8587.0
flevopark_3,2021-11-24 16:00:00,2021-11-24 18:20:47,8447.0
flevopark_3,2021-11-24 18:23:10,2021-11-24 20:44:13,8463.0
flevopark_3,2021-11-25 20:46:20,2021-11-25 21:59:18,4378.0
flevopark_3,2021-11-25 07:23:10,2021-11-25 08:56:27,5597.0
flevopark_3,2021-11-25 16:00:00,2021-11-25 18:21:56,8516.0
flevopark_3,2021-09-29 20:46:20,2021-09-29 21:51:51,3931.0
flevopark_3,2021-11-30 16:00:00,2021-11-30 16:02:27,147.0
flevopark_3,2021-09-29 18:23:10,2021-09-29 20:46:18,8588.0
flevopark_3,2021-11-29 07:23:10,2021-11-29 08:59:52,5802.0
flevopark_3,2021-09-30 18:23:10,2021-09-30 20:46:17,8587.0
flevopark_3,2021-11-25 18:23:10,2021-11-25 20:45:46,8556.0
flevopark_4,2021-11-29 18:23:10,2021-11-29 19:30:26,4036.0
flevopark_4,2021-11-27 16:00:00,2021-11-27 18:10:52,7852.0
flevopark_4,2021-11-27 07:23:10,2021-11-27 08:57:53,5683.0
flevopark_4,2021-11-29 07:23:10,2021-11-29 08:55:26,5536.0
flevopark_4,2021-11-24 18:23:10,2021-11-24 20:38:53,8143.0
flevopark_4,2021-11-28 05:00:00,2021-11-28 07:21:31,8491.0
flevopark_4,2021-11-25 20:46:20,2021-11-25 21:58:51,4351.0
flevopark_4,2021-09-29 18:23:10,2021-09-29 20:46:19,8589.0
flevopark_4,2021-12-02 05:00:00,2021-12-02 05:02:38,158.0
flevopark_4,2021-09-30 05:00:00,2021-09-30 07:22:20,8540.0
flevopark_4,2021-11-28 16:00:00,2021-11-28 18:22:58,8578.0
flevopark_4,2021-11-27 20:46:20,2021-11-27 21:53:28,4028.0
flevopark_4,2021-11-24 20:46:20,2021-11-24 21:46:36,3616.0
flevopark_4,2021-11-26 05:00:00,2021-11-26 07:22:20,8540.0
flevopark_4,2021-11-25 18:23:10,2021-11-25 20:46:12,8582.0
flevopark_4,2021-11-28 07:23:10,2021-11-28 08:55:11,5521.0
flevopark_4,2021-09-29 05:00:00,2021-09-29 07:01:59,7319.0
flevopark_4,2021-09-28 20:46:20,2021-09-28 21:59:55,4415.0
flevopark_4,2021-11-27 05:00:00,2021-11-27 06:51:34,6694.0
flevopark_4,2021-11-26 07:23:10,2021-11-26 08:56:15,5585.0
flevopark_4,2021-11-28 20:46:20,2021-11-28 21:57:44,4284.0
flevopark_4,2021-11-24 16:00:00,2021-11-24 18:19:07,8347.0
flevopark_4,2021-11-30 05:00:00,2021-11-30 05:20:48,1248.0
flevopark_4,2021-11-26 16:00:00,2021-11-26 17:31:14,5474.0
flevopark_4,2021-11-29 05:00:00,2021-11-29 07:14:22,8062.0
flevopark_4,2021-09-30 07:23:10,2021-09-30 08:06:07,2577.0
flevopark_4,2021-12-01 16:00:00,2021-12-01 16:07:46,466.0
flevopark_4,2021-12-01 05:00:00,2021-12-01 05:05:59,359.0
flevopark_4,2021-11-29 16:00:00,2021-11-29 18:19:07,8347.0
flevopark_4,2021-11-25 05:00:00,2021-11-25 07:03:45,7425.0
flevopark_4,2021-09-29 16:00:00,2021-09-29 18:21:00,8460.0
flevopark_4,2021-09-29 07:23:10,2021-09-29 08:42:28,4758.0
flevopark_4,2021-11-26 20:46:20,2021-11-26 21:55:01,4121.0
flevopark_4,2021-09-29 20:46:20,2021-09-29 21:59:47,4407.0
flevopark_4,2021-11-26 18:23:10,2021-11-26 19:40:09,4619.0
flevopark_4,2021-11-25 16:00:00,2021-11-25 18:21:40,8500.0
flevopark_4,2021-11-28 18:23:10,2021-11-28 20:45:35,8545.0
flevopark_4,2021-11-25 07:23:10,2021-11-25 08:39:37,4587.0
flevopark_4,2021-11-27 18:23:10,2021-11-27 20:44:41,8491.0
flevopark_4,2021-11-30 16:00:00,2021-11-30 16:10:42,642.0
flevopark_5,2021-11-29 07:23:10,2021-11-29 08:58:42,5732.0
flevopark_5,2021-11-25 07:23:10,2021-11-25 08:51:23,5293.0
flevopark_5,2021-11-28 20:46:20,2021-11-28 21:58:42,4342.0
flevopark_5,2021-11-26 18:23:10,2021-11-26 19:53:15,5405.0
flevopark_5,2021-09-11 14:19:02,2021-09-11 16:41:55,8573.0
flevopark_5,2021-10-01 16:00:00,2021-10-01 17:24:55,5095.0
flevopark_5,2021-11-29 05:00:00,2021-11-29 07:18:44,8324.0
flevopark_5,2021-09-29 18:23:10,2021-09-29 20:46:09,8579.0
flevopark_5,2021-09-13 00:00:00,2021-09-13 00:11:55,715.0
flevopark_5,2021-09-30 16:00:00,2021-09-30 18:21:23,8483.0
flevopark_5,2021-12-01 16:00:00,2021-12-01 16:04:14,254.0
flevopark_5,2021-11-24 18:23:10,2021-11-24 18:47:19,1449.0
flevopark_5,2021-11-27 07:23:10,2021-11-27 08:45:10,4920.0
flevopark_5,2021-09-12 00:00:00,2021-09-12 00:14:22,862.0
flevopark_5,2021-11-28 16:00:00,2021-11-28 18:23:04,8584.0
flevopark_5,2021-09-30 05:00:00,2021-09-30 07:21:56,8516.0
flevopark_5,2021-09-11 09:32:42,2021-09-11 11:55:40,8578.0
flevopark_5,2021-10-01 07:23:10,2021-10-01 08:54:46,5496.0
flevopark_5,2021-11-26 16:00:00,2021-11-26 17:39:02,5942.0
flevopark_5,2021-11-29 18:23:10,2021-11-29 20:07:16,6246.0
flevopark_5,2021-09-29 07:23:10,2021-09-29 08:57:30,5660.0
flevopark_5,2021-11-28 18:23:10,2021-11-28 20:44:01,8451.0
flevopark_5,2021-09-22 00:00:00,2021-09-22 00:00:14,14.0
flevopark_5,2021-09-11 02:23:12,2021-09-11 04:46:21,8589.0
flevopark_5,2021-09-28 18:23:10,2021-09-28 20:45:57,8567.0
flevopark_5,2021-09-10 02:23:10,2021-09-10 04:45:50,8560.0
flevopark_5,2021-09-29 20:46:20,2021-09-29 21:59:05,4365.0
flevopark_5,2021-11-28 05:00:00,2021-11-28 07:23:07,8587.0
flevopark_5,2021-09-30 18:23:10,2021-09-30 20:46:19,8589.0
flevopark_5,2021-10-04 16:00:00,2021-10-04 16:07:33,453.0
flevopark_5,2021-11-29 16:00:00,2021-11-29 18:22:58,8578.0
flevopark_5,2021-11-25 18:23:10,2021-11-25 20:25:43,7353.0
flevopark_5,2021-09-28 20:46:20,2021-09-28 21:59:14,4374.0
flevopark_5,2021-11-27 05:00:00,2021-11-27 07:09:17,7757.0
flevopark_5,2021-11-26 07:23:10,2021-11-26 08:58:38,5728.0
flevopark_5,2021-11-24 20:46:20,2021-11-24 20:46:52,32.0
flevopark_5,2021-09-17 00:00:00,2021-09-17 00:05:38,338.0
flevopark_5,2021-12-01 05:00:00,2021-12-01 05:06:14,374.0
flevopark_5,2021-09-21 00:00:00,2021-09-21 00:01:19,79.0
flevopark_5,2021-09-30 07:23:10,2021-09-30 08:57:42,5672.0
flevopark_5,2021-09-18 00:00:00,2021-09-18 00:04:15,255.0
flevopark_5,2021-10-01 20:46:20,2021-10-01 21:57:35,4275.0
flevopark_5,2021-09-11 16:42:12,2021-09-11 17:22:59,2447.0
flevopark_5,2021-11-26 20:46:20,2021-11-26 21:52:46,3986.0
flevopark_5,2021-09-30 20:46:20,2021-09-30 21:59:57,4417.0
flevopark_5,2021-09-10 09:32:40,2021-09-10 11:55:49,8589.0
flevopark_5,2021-11-25 20:46:20,2021-11-25 21:58:06,4306.0
flevopark_5,2021-10-01 05:00:00,2021-10-01 07:17:52,8272.0
flevopark_5,2021-09-10 14:19:00,2021-09-10 16:40:35,8495.0
flevopark_5,2021-09-11 07:09:32,2021-09-11 09:21:32,7920.0
flevopark_5,2021-09-14 00:00:00,2021-09-14 00:08:47,527.0
flevopark_5,2021-09-11 00:00:02,2021-09-11 02:23:10,8588.0
flevopark_5,2021-10-02 05:00:00,2021-10-02 07:09:09,7749.0
flevopark_5,2021-09-10 23:51:40,2021-09-10 23:59:58,498.0
flevopark_5,2021-09-19 00:00:00,2021-09-19 00:03:24,204.0
flevopark_5,2021-11-27 18:23:10,2021-11-27 20:34:14,7864.0
flevopark_5,2021-11-25 16:00:00,2021-11-25 18:17:30,8250.0
flevopark_5,2021-09-11 11:55:52,2021-09-11 14:18:47,8575.0
flevopark_5,2021-11-26 05:00:00,2021-11-26 07:00:54,7254.0
flevopark_5,2021-10-05 16:00:00,2021-10-05 16:02:35,155.0
flevopark_5,2021-09-10 11:55:50,2021-09-10 14:18:47,8577.0
flevopark_5,2021-09-16 00:00:00,2021-09-16 00:06:08,368.0
flevopark_5,2021-09-28 16:00:00,2021-09-28 18:23:09,8589.0
flevopark_5,2021-11-25 05:00:00,2021-11-25 07:22:11,8531.0
flevopark_5,2021-09-11 04:46:22,2021-09-11 07:01:45,8123.0
flevopark_5,2021-09-10 19:05:20,2021-09-10 21:28:27,8587.0
flevopark_5,2021-09-10 16:42:10,2021-09-10 19:05:16,8586.0
flevopark_5,2021-10-04 05:00:00,2021-10-04 05:04:20,260.0
flevopark_5,2021-10-01 18:23:10,2021-10-01 20:45:39,8549.0
flevopark_5,2021-11-28 07:23:10,2021-11-28 08:40:00,4610.0
flevopark_5,2021-09-29 16:00:00,2021-09-29 18:22:49,8569.0
flevopark_5,2021-09-10 07:09:30,2021-09-10 09:32:38,8588.0
flevopark_5,2021-09-10 21:28:30,2021-09-10 23:51:39,8589.0
flevopark_5,2021-09-15 00:00:00,2021-09-15 00:08:03,483.0
flevopark_5,2021-09-29 05:00:00,2021-09-29 07:21:43,8503.0
flevopark_5,2021-09-10 00:00:00,2021-09-10 02:23:08,8588.0
flevopark_5,2021-09-20 00:00:00,2021-09-20 00:02:29,149.0
flevopark_5,2021-09-10 04:46:20,2021-09-10 07:09:19,8579.0
flevopark_6,2021-09-29 07:23:10,2021-09-29 08:41:37,4707.0
flevopark_6,2021-11-27 07:23:10,2021-11-27 08:44:43,4893.0
flevopark_6,2021-09-29 16:00:00,2021-09-29 18:23:01,8581.0
flevopark_6,2021-11-28 18:23:10,2021-11-28 20:40:13,8223.0
flevopark_6,2021-11-27 18:23:10,2021-11-27 20:45:59,8569.0
flevopark_6,2021-11-26 20:46:20,2021-11-26 21:58:14,4314.0
flevopark_6,2021-11-27 20:46:20,2021-11-27 21:59:45,4405.0
flevopark_6,2021-09-30 07:23:10,2021-09-30 08:59:21,5771.0
flevopark_6,2021-11-25 20:46:20,2021-11-25 21:59:18,4378.0
flevopark_6,2021-11-28 20:46:20,2021-11-28 21:37:29,3069.0
flevopark_6,2021-11-24 16:00:00,2021-11-24 18:22:40,8560.0
flevopark_6,2021-09-29 05:00:00,2021-09-29 07:21:39,8499.0
flevopark_6,2021-11-25 18:23:10,2021-11-25 20:45:28,8538.0
flevopark_6,2021-11-25 07:23:10,2021-11-25 07:28:00,290.0
flevopark_6,2021-12-01 16:00:00,2021-12-01 16:02:43,163.0
flevopark_6,2021-11-25 16:00:00,2021-11-25 18:21:16,8476.0
flevopark_6,2021-11-28 07:23:10,2021-11-28 08:50:50,5260.0
flevopark_6,2021-11-29 16:00:00,2021-11-29 18:20:50,8450.0
flevopark_6,2021-09-29 20:46:20,2021-09-29 21:59:36,4396.0
flevopark_6,2021-11-29 05:00:00,2021-11-29 07:15:37,8137.0
flevopark_6,2021-09-28 20:46:20,2021-09-28 21:59:51,4411.0
flevopark_6,2021-09-30 16:00:00,2021-09-30 18:15:06,8106.0
flevopark_6,2021-11-30 05:00:00,2021-11-30 06:08:07,4087.0
flevopark_6,2021-11-27 05:00:00,2021-11-27 07:12:57,7977.0
flevopark_6,2021-09-29 18:23:10,2021-09-29 20:46:08,8578.0
flevopark_6,2021-11-29 18:23:10,2021-11-29 20:44:07,8457.0
flevopark_6,2021-11-30 16:00:00,2021-11-30 16:18:01,1081.0
flevopark_6,2021-11-25 05:00:00,2021-11-25 07:22:50,8570.0
flevopark_6,2021-11-24 18:23:10,2021-11-24 20:45:01,8511.0
flevopark_6,2021-11-26 16:00:00,2021-11-26 17:59:46,7186.0
flevopark_6,2021-11-26 07:23:10,2021-11-26 08:47:56,5086.0
flevopark_6,2021-11-28 05:00:00,2021-11-28 07:01:51,7311.0
flevopark_6,2021-11-29 07:23:10,2021-11-29 08:40:27,4637.0
flevopark_6,2021-11-24 20:46:20,2021-11-24 21:59:28,4388.0
flevopark_6,2021-11-28 16:00:00,2021-11-28 18:09:02,7742.0
flevopark_6,2021-11-27 16:00:00,2021-11-27 18:20:59,8459.0
flevopark_6,2021-11-26 05:00:00,2021-11-26 07:09:48,7788.0
flevopark_6,2021-11-29 20:46:21,2021-11-29 21:45:14,3533.0
flevopark_6,2021-11-26 18:23:10,2021-11-26 20:21:44,7114.0
flevopark_6,2021-09-30 05:00:00,2021-09-30 07:22:18,8538.0
flevopark_7,2021-09-22 00:00:00,2021-09-22 00:06:22,382.0
flevopark_7,2021-11-26 18:23:10,2021-11-26 19:54:00,5450.0
flevopark_7,2021-11-26 16:00:00,2021-11-26 17:34:49,5689.0
flevopark_7,2021-11-28 20:46:20,2021-11-28 21:09:11,1371.0
flevopark_7,2021-11-29 07:23:10,2021-11-29 07:41:20,1090.0
flevopark_7,2021-11-30 05:00:00,2021-11-30 05:05:13,313.0
flevopark_7,2021-11-28 05:00:00,2021-11-28 05:53:10,3190.0
flevopark_7,2021-09-16 09:38:34,2021-09-16 12:01:39,8585.0
flevopark_7,2021-09-16 23:57:34,2021-09-16 23:59:50,136.0
flevopark_7,2021-09-17 16:42:12,2021-09-17 19:03:19,8467.0
flevopark_7,2021-11-28 16:00:00,2021-11-28 17:57:16,7036.0
flevopark_7,2021-09-16 14:24:54,2021-09-16 16:47:24,8550.0
flevopark_7,2021-11-24 18:23:10,2021-11-24 18:44:40,1290.0
flevopark_7,2021-09-17 21:28:32,2021-09-17 23:39:29,7857.0
flevopark_7,2021-09-17 14:19:02,2021-09-17 16:41:46,8564.0
flevopark_7,2021-09-17 04:46:22,2021-09-17 07:08:38,8536.0
flevopark_7,2021-09-17 00:00:02,2021-09-17 02:21:12,8470.0
flevopark_7,2021-11-27 18:23:10,2021-11-27 19:17:26,3256.0
flevopark_7,2021-09-17 11:55:52,2021-09-17 14:18:58,8586.0
flevopark_7,2021-09-17 09:32:42,2021-09-17 11:55:26,8564.0
flevopark_7,2021-09-16 16:48:04,2021-09-16 19:11:13,8589.0
flevopark_7,2021-09-17 02:23:12,2021-09-17 04:46:08,8576.0
flevopark_7,2021-09-26 00:00:00,2021-09-26 00:03:09,189.0
flevopark_7,2021-11-29 18:23:10,2021-11-29 19:17:59,3289.0
flevopark_7,2021-09-16 21:34:24,2021-09-16 23:55:37,8473.0
flevopark_7,2021-09-18 00:00:00,2021-09-18 00:07:30,450.0
flevopark_7,2021-09-16 19:11:14,2021-09-16 21:33:42,8548.0
flevopark_7,2021-09-23 00:00:00,2021-09-23 00:05:44,344.0
flevopark_7,2021-11-24 16:00:00,2021-11-24 18:20:23,8423.0
flevopark_7,2021-09-27 00:00:00,2021-09-27 00:01:40,100.0
flevopark_7,2021-09-21 00:00:00,2021-09-21 00:06:28,388.0
flevopark_7,2021-11-29 05:00:00,2021-11-29 05:52:06,3126.0
flevopark_7,2021-11-25 18:23:10,2021-11-25 20:20:38,7048.0
flevopark_7,2021-09-19 00:00:00,2021-09-19 00:15:04,904.0
flevopark_7,2021-11-25 05:00:00,2021-11-25 07:10:14,7814.0
flevopark_7,2021-09-25 00:00:00,2021-09-25 00:04:12,252.0
flevopark_7,2021-11-25 16:00:00,2021-11-25 17:28:18,5298.0
flevopark_7,2021-09-17 19:05:22,2021-09-17 21:27:21,8519.0
flevopark_7,2021-09-16 12:01:44,2021-09-16 14:24:22,8558.0
flevopark_7,2021-09-24 00:00:00,2021-09-24 00:05:26,326.0
flevopark_7,2021-09-20 00:00:00,2021-09-20 00:11:08,668.0
flevopark_7,2021-09-17 07:09:32,2021-09-17 09:32:34,8582.0
flevopark_8,2021-09-18 04:46:22,2021-09-18 07:04:40,8298.0
flevopark_8,2021-09-22 00:00:00,2021-09-22 00:04:44,284.0
flevopark_8,2021-09-17 16:42:10,2021-09-17 19:05:17,8587.0
flevopark_8,2021-09-27 00:00:00,2021-09-27 00:02:41,161.0
flevopark_8,2021-09-23 00:00:00,2021-09-23 00:04:54,294.0
flevopark_8,2021-09-17 07:09:30,2021-09-17 09:25:56,8186.0
flevopark_8,2021-09-17 00:00:00,2021-09-17 02:23:07,8587.0
flevopark_8,2021-09-18 14:19:02,2021-09-18 16:12:57,6835.0
flevopark_8,2021-09-24 00:00:00,2021-09-24 00:05:23,323.0
flevopark_8,2021-09-17 09:32:40,2021-09-17 11:54:51,8531.0
flevopark_8,2021-09-17 02:23:10,2021-09-17 04:45:18,8528.0
flevopark_8,2021-09-18 09:32:42,2021-09-18 11:55:48,8586.0
flevopark_8,2021-09-26 00:00:00,2021-09-26 00:04:02,242.0
flevopark_8,2021-09-18 11:55:52,2021-09-18 14:17:06,8474.0
flevopark_8,2021-09-17 23:51:40,2021-09-17 23:59:57,497.0
flevopark_8,2021-09-21 00:00:00,2021-09-21 00:04:27,267.0
flevopark_8,2021-09-17 04:46:20,2021-09-17 07:07:30,8470.0
flevopark_8,2021-09-20 00:00:00,2021-09-20 00:11:50,710.0
flevopark_8,2021-09-18 07:09:32,2021-09-18 09:32:20,8568.0
flevopark_8,2021-09-25 00:00:00,2021-09-25 00:03:43,223.0
flevopark_8,2021-09-29 00:00:00,2021-09-29 00:00:10,10.0
flevopark_8,2021-09-17 14:19:00,2021-09-17 16:41:21,8541.0
flevopark_8,2021-09-18 00:00:02,2021-09-18 02:22:24,8542.0
flevopark_8,2021-09-19 00:00:00,2021-09-19 00:13:52,832.0
flevopark_8,2021-09-28 00:00:00,2021-09-28 00:01:24,84.0
flevopark_8,2021-09-17 11:55:50,2021-09-17 14:18:57,8587.0
flevopark_8,2021-09-17 19:05:20,2021-09-17 21:28:26,8586.0
flevopark_8,2021-09-17 11:55:50,2021-09-17 12:52:59,3429.0
flevopark_8,2021-09-18 02:23:12,2021-09-18 04:46:14,8582.0
flevopark_8,2021-09-17 21:28:30,2021-09-17 23:51:37,8587.0
flevopark_9,2021-10-03 07:23:10,2021-10-03 08:59:53,5803.0
flevopark_9,2021-10-01 07:23:10,2021-10-01 08:57:48,5678.0
flevopark_9,2021-11-29 05:00:00,2021-11-29 07:22:19,8539.0
flevopark_9,2021-09-17 02:23:11,2021-09-17 04:45:52,8561.0
flevopark_9,2021-09-27 00:00:00,2021-09-27 00:03:05,185.0
flevopark_9,2021-11-24 16:00:00,2021-11-24 18:20:58,8458.0
flevopark_9,2021-11-30 16:00:00,2021-11-30 16:09:13,553.0
flevopark_9,2021-10-10 05:00:00,2021-10-10 05:01:08,68.0
flevopark_9,2021-09-17 11:55:51,2021-09-17 14:17:00,8469.0
flevopark_9,2021-10-11 05:00:00,2021-10-11 05:00:49,49.0
flevopark_9,2021-10-07 16:00:00,2021-10-07 16:04:55,295.0
flevopark_9,2021-09-16 17:38:35,2021-09-16 20:01:36,8581.0
flevopark_9,2021-12-01 16:00:00,2021-12-01 16:07:44,464.0
flevopark_9,2021-10-06 05:00:00,2021-10-06 05:01:25,85.0
flevopark_9,2021-10-02 20:46:20,2021-10-02 21:59:53,4413.0
flevopark_9,2021-11-28 18:23:10,2021-11-28 20:42:37,8367.0
flevopark_9,2021-11-24 16:00:00,2021-11-24 18:20:58,8458.0
flevopark_9,2021-09-16 12:52:15,2021-09-16 15:14:15,8520.0
flevopark_9,2021-09-16 10:29:05,2021-09-16 12:52:03,8578.0
flevopark_9,2021-09-17 14:19:01,2021-09-17 16:41:55,8574.0
flevopark_9,2021-09-30 16:00:00,2021-09-30 18:23:06,8586.0
flevopark_9,2021-11-29 07:23:10,2021-11-29 08:49:46,5196.0
flevopark_9,2021-09-16 22:24:55,2021-09-16 23:59:38,5683.0
flevopark_9,2021-11-27 16:00:00,2021-11-27 17:56:08,6968.0
flevopark_9,2021-10-05 05:00:00,2021-10-05 05:10:44,644.0
flevopark_9,2021-11-25 16:00:00,2021-11-25 18:12:21,7941.0
flevopark_9,2021-09-24 00:00:00,2021-09-24 00:04:49,289.0
flevopark_9,2021-09-26 00:00:00,2021-09-26 00:01:13,73.0
flevopark_9,2021-11-27 18:23:10,2021-11-27 20:44:03,8453.0
flevopark_9,2021-10-01 20:46:20,2021-10-01 21:58:43,4343.0
flevopark_9,2021-09-17 19:05:21,2021-09-17 21:28:01,8560.0
flevopark_9,2021-11-29 20:46:20,2021-11-29 21:13:50,1650.0
flevopark_9,2021-09-16 15:15:25,2021-09-16 17:38:16,8571.0
flevopark_9,2021-09-17 23:51:41,2021-09-17 23:59:30,469.0
flevopark_9,2021-10-08 16:00:00,2021-10-08 16:01:22,82.0
flevopark_9,2021-11-25 05:00:00,2021-11-25 07:18:45,8325.0
flevopark_9,2021-10-02 16:00:00,2021-10-02 18:10:35,7835.0
flevopark_9,2021-11-29 18:23:10,2021-11-29 20:45:54,8564.0
flevopark_9,2021-09-23 00:00:00,2021-09-23 00:06:26,386.0
flevopark_9,2021-11-26 07:23:10,2021-11-26 08:44:11,4861.0
flevopark_9,2021-10-03 05:00:00,2021-10-03 07:14:31,8071.0
flevopark_9,2021-10-09 05:00:00,2021-10-09 05:02:48,168.0
flevopark_9,2021-11-27 20:46:20,2021-11-27 21:52:01,3941.0
flevopark_9,2021-11-24 18:23:10,2021-11-24 20:34:52,7902.0
flevopark_9,2021-10-02 05:00:00,2021-10-02 07:23:05,8585.0
flevopark_9,2021-11-26 05:00:00,2021-11-26 07:04:23,7463.0
flevopark_9,2021-10-02 07:23:10,2021-10-02 08:58:56,5746.0
flevopark_9,2021-09-17 00:00:01,2021-09-17 02:23:00,8579.0
flevopark_9,2021-10-03 18:23:10,2021-10-03 20:46:14,8584.0
flevopark_9,2021-11-28 16:00:00,2021-11-28 18:19:14,8354.0
flevopark_9,2021-11-25 20:46:20,2021-11-25 21:36:06,2986.0
flevopark_9,2021-10-01 18:23:10,2021-10-01 20:44:27,8477.0
flevopark_9,2021-09-17 16:42:11,2021-09-17 19:03:53,8502.0
flevopark_9,2021-11-27 07:23:10,2021-11-27 08:54:27,5477.0
flevopark_9,2021-09-25 00:00:00,2021-09-25 00:04:56,296.0
flevopark_9,2021-11-25 18:23:10,2021-11-25 20:39:23,8173.0
flevopark_9,2021-11-24 20:46:20,2021-11-24 21:57:21,4261.0
flevopark_9,2021-10-04 16:00:00,2021-10-04 16:09:36,576.0
flevopark_9,2021-09-16 20:01:45,2021-09-16 22:24:46,8581.0
flevopark_9,2021-09-29 00:00:00,2021-09-29 00:00:24,24.0
flevopark_9,2021-10-02 18:23:10,2021-10-02 20:43:13,8403.0
flevopark_9,2021-11-25 07:23:10,2021-11-25 08:25:56,3766.0
flevopark_9,2021-10-03 20:46:20,2021-10-03 21:59:59,4419.0
flevopark_9,2021-09-30 18:23:10,2021-09-30 20:46:18,8588.0
flevopark_9,2021-09-21 00:00:00,2021-09-21 00:08:52,532.0
flevopark_9,2021-09-18 00:00:02,2021-09-18 02:22:29,8547.0
flevopark_9,2021-09-17 07:09:31,2021-09-17 09:31:30,8519.0
flevopark_9,2021-11-29 16:00:00,2021-11-29 18:19:57,8397.0
flevopark_9,2021-10-01 16:00:00,2021-10-01 18:22:12,8532.0
flevopark_9,2021-10-01 05:00:00,2021-10-01 07:19:22,8362.0
flevopark_9,2021-09-17 21:28:31,2021-09-17 23:50:59,8548.0
flevopark_9,2021-11-28 05:00:00,2021-11-28 07:04:06,7446.0
flevopark_9,2021-10-07 05:00:00,2021-10-07 05:05:30,330.0
flevopark_9,2021-09-17 04:46:21,2021-09-17 07:09:27,8586.0
flevopark_9,2021-09-19 00:00:00,2021-09-19 00:18:49,1129.0
flevopark_9,2021-11-28 20:46:20,2021-11-28 21:57:11,4251.0
flevopark_9,2021-11-28 07:23:10,2021-11-28 08:51:59,5329.0
