Box_1,Box_2,Box_3,Box_4,Score,Type,Accept
3.89444589614868,44.6875,0.0239999294281006,10.625,0.728845357894897,USV,1
4.88806009292603,44.6875,0.02239990234375,15.625,0.791930973529816,USV,1
4.95686006546021,45.9375,0.0399999618530273,10,0.751624703407288,USV,1
5.04645967483521,44.6875,0.0272002220153809,10.9375,0.81982833147049,USV,1
5.44646453857422,44.375,0.0240001678466797,9.6875,0.820673704147339,USV,1
5.5248646736145,45.3125,0.0464000701904297,8.4375,0.710115790367126,USV,1
5.96326923370361,44.6875,0.0447998046875,11.25,0.74001270532608,USV,1
6.31847381591797,45,0.0384001731872559,10.9375,0.837762892246246,USV,1
6.40167379379272,43.75,0.041600227355957,18.75,0.821576774120331,USV,1
6.48807859420776,44.375,0.0511999130249023,10,0.80511736869812,USV,1
9.73451614379883,45.3125,0.0288000106811523,4.6875,0.716841101646423,USV,1
101.85718536377,45.9375,0.0288009643554688,9.6875,0.725121200084686,USV,1
101.938789367676,45,0.0240020751953125,7.5,0.779113054275513,USV,1
102.021987915039,45,0.0448074340820312,10.9375,0.785232424736023,USV,1
102.349990844727,45,0.02239990234375,7.5,0.720731019973755,USV,1
102.604393005371,45,0.0431976318359375,10.625,0.776048600673676,USV,1
102.705192565918,44.6875,0.0447998046875,9.375,0.775372385978699,USV,1
103.289207458496,43.4375,0.0447998046875,18.4375,0.750995397567749,USV,1
103.375602722168,45.3125,0.0479965209960938,10.9375,0.838255345821381,USV,1
103.457206726074,45,0.0431976318359375,11.25,0.81018203496933,USV,1
103.542007446289,45,0.0367965698242188,8.75,0.869203746318817,USV,1
103.623603820801,43.125,0.0528030395507812,19.6875,0.702196300029755,USV,1
103.791610717773,43.75,0.0431976318359375,11.875,0.716465592384338,USV,1
105.220420837402,45,0.048004150390625,10.3125,0.725920438766479,USV,1
105.46363067627,44.0625,0.0400009155273438,11.5625,0.741215229034424,USV,1
105.644432067871,44.0625,0.0400009155273438,6.5625,0.782815754413605,USV,1
222.168991088867,45,0.0287933349609375,6.875,0.778922915458679,USV,1
222.592987060547,45,0.0303955078125,7.5,0.73125022649765,USV,1
222.94499206543,44.0625,0.02239990234375,10.625,0.778495907783508,USV,1
223.044204711914,44.6875,0.0319976806640625,16.5625,0.842205703258514,USV,1
223.437805175781,45.9375,0.0384063720703125,9.0625,0.781672835350037,USV,1
223.625,43.75,0.041595458984375,13.4375,0.713318645954132,USV,1
223.71940612793,44.6875,0.0496063232421875,12.1875,0.821406662464142,USV,1
223.897003173828,44.0625,0.03680419921875,12.8125,0.771401464939117,USV,1
224.56901550293,44.375,0.0287933349609375,10.9375,0.742913544178009,USV,1
244.089248657227,44.375,0.0287933349609375,10.3125,0.771765172481537,USV,1
244.190048217773,45.3125,0.0272064208984375,5.625,0.702196478843689,USV,1
244.305252075195,44.0625,0.0287933349609375,10.3125,0.773049771785736,USV,1
244.546844482422,43.75,0.02239990234375,11.5625,0.782827258110046,USV,1
245.018859863281,44.0625,0.0511932373046875,11.875,0.812465667724609,USV,1
245.169250488281,45.3125,0.0447998046875,7.5,0.822107017040253,USV,1
245.370864868164,43.75,0.0272064208984375,10,0.898737788200378,USV,1
246.34846496582,44.0625,0.0384063720703125,13.75,0.773293554782867,USV,1
246.43327331543,42.1875,0.0431976318359375,22.1875,0.773227393627167,USV,1
246.686065673828,44.6875,0.041595458984375,10.3125,0.907759070396423,USV,1
246.850875854492,45,0.0464019775390625,10.625,0.906206130981445,USV,1
247.100479125977,46.5625,0.0240020751953125,11.5625,0.794586300849915,USV,1
247.250885009766,46.25,0.0272064208984375,9.6875,0.704496681690216,USV,1
247.801284790039,45,0.0399932861328125,11.5625,0.740695536136627,USV,1
247.97248840332,44.375,0.0384063720703125,11.25,0.871405780315399,USV,1
248.164489746094,43.125,0.03680419921875,12.8125,0.847721874713898,USV,1
248.263687133789,45.625,0.0240020751953125,4.375,0.714604139328003,USV,1
248.346893310547,44.0625,0.0496063232421875,11.875,0.865924954414368,USV,1
248.540496826172,43.125,0.0447998046875,8.4375,0.765697419643402,USV,1
250.97412109375,45.625,0.0431976318359375,7.1875,0.709187567234039,USV,1
255.871780395508,45.3125,0.02239990234375,10.625,0.73424756526947,USV,1
256.575775146484,45,0.05120849609375,7.8125,0.858310222625732,USV,1
256.802978515625,45,0.032012939453125,8.75,0.720120549201965,USV,1
256.916595458984,44.0625,0.02880859375,9.6875,0.828957676887512,USV,1
257.050994873047,42.8125,0.049591064453125,12.8125,0.808248996734619,USV,1
257.30859375,44.6875,0.043212890625,11.5625,0.752209544181824,USV,1
257.675018310547,45.3125,0.043212890625,9.375,0.783705353736877,USV,1
257.943817138672,44.375,0.03839111328125,13.125,0.827364921569824,USV,1
258.033416748047,45,0.0335693359375,7.8125,0.708153903484344,USV,1
258.11181640625,44.0625,0.040008544921875,12.5,0.706258058547974,USV,1
259.340606689453,45,0.027191162109375,6.875,0.749118566513062,USV,1
259.804626464844,44.6875,0.040008544921875,8.75,0.830439865589142,USV,1
259.902221679688,44.0625,0.02398681640625,9.0625,0.778509855270386,USV,1
260.175842285156,44.0625,0.025604248046875,5.3125,0.778572022914886,USV,1
288.054565429688,44.375,0.0479736328125,10.3125,0.731898486614227,USV,1
288.619354248047,44.0625,0.04638671875,9.6875,0.83424973487854,USV,1
288.849761962891,45,0.046417236328125,8.4375,0.777278184890747,USV,1
288.939361572266,44.6875,0.05120849609375,9.6875,0.730013072490692,USV,1
289.092956542969,45.3125,0.040008544921875,10.625,0.817041158676147,USV,1
289.177764892578,45.3125,0.0447998046875,7.1875,0.758305191993713,USV,1
289.427368164062,44.0625,0.02880859375,9.0625,0.781491637229919,USV,1
289.523376464844,43.4375,0.048004150390625,11.875,0.700938165187836,USV,1
289.768188476562,46.25,0.02398681640625,13.4375,0.740347862243652,USV,1
290.699371337891,43.4375,0.043212890625,18.75,0.870553374290466,USV,1
291.845001220703,44.6875,0.049591064453125,12.5,0.728889942169189,USV,1
291.937805175781,44.375,0.03839111328125,10.625,0.744336068630219,USV,1
292.028991699219,44.6875,0.030426025390625,7.5,0.763677537441254,USV,1
292.113800048828,43.4375,0.05120849609375,11.5625,0.872791349887848,USV,1
292.374603271484,44.0625,0.057586669921875,10,0.795101523399353,USV,1
292.477020263672,42.5,0.055999755859375,7.1875,0.708527207374573,USV,1
292.657806396484,44.375,0.03839111328125,5.9375,0.730049908161163,USV,1
292.811401367188,43.4375,0.036834716796875,10,0.790952384471893,USV,1
293.097808837891,44.375,0.027191162109375,9.0625,0.753458917140961,USV,1
328.643829345703,44.375,0.025604248046875,11.5625,0.721264362335205,USV,1
328.805419921875,44.6875,0.0447998046875,15.9375,0.718507289886475,USV,1
328.986236572266,45.3125,0.0447998046875,9.6875,0.805842041969299,USV,1
329.251831054688,45.3125,0.03839111328125,9.0625,0.737859845161438,USV,1
329.399047851562,44.375,0.025604248046875,10.625,0.736484587192535,USV,1
329.589447021484,45.625,0.040008544921875,10,0.734557390213013,USV,1
329.843841552734,44.0625,0.048004150390625,12.1875,0.758701145648956,USV,1
330.112640380859,44.0625,0.05120849609375,12.8125,0.798277139663696,USV,1
330.192657470703,44.6875,0.049591064453125,10.9375,0.913073778152466,USV,1
330.285430908203,43.4375,0.043212890625,15.625,0.717216074466705,USV,1
330.613464355469,44.6875,0.035186767578125,11.25,0.796489238739014,USV,1
330.770263671875,44.0625,0.040008544921875,11.5625,0.865931928157806,USV,1
330.946258544922,45.3125,0.02398681640625,10.625,0.740871906280518,USV,1
331.103057861328,45.625,0.03839111328125,10.3125,0.723541855812073,USV,1
331.525451660156,43.75,0.049591064453125,12.5,0.793601632118225,USV,1
332.010284423828,44.375,0.04638671875,10.625,0.70349258184433,USV,1
363.892242431641,45.625,0.0303955078125,5.625,0.70632928609848,USV,1
364.132232666016,45.3125,0.03680419921875,8.125,0.799430012702942,USV,1
364.263427734375,45,0.03839111328125,9.6875,0.805399119853973,USV,1
364.559448242188,45.3125,0.0447998046875,6.5625,0.729200184345245,USV,1
364.650634765625,44.6875,0.040008544921875,9.6875,0.703819155693054,USV,1
364.751434326172,43.75,0.04638671875,10.9375,0.796853065490723,USV,1
364.943450927734,44.0625,0.048004150390625,9.6875,0.87444144487381,USV,1
365.130645751953,45,0.057586669921875,10,0.861544609069824,USV,1
365.277862548828,45.625,0.048004150390625,10.3125,0.802142262458801,USV,1
365.733856201172,45,0.035186767578125,9.6875,0.924241602420807,USV,1
365.897064208984,44.0625,0.049591064453125,13.4375,0.753229796886444,USV,1
366.073059082031,45,0.043212890625,11.5625,0.767564058303833,USV,1
366.245880126953,45.625,0.033599853515625,10.625,0.879412174224854,USV,1
366.402679443359,43.4375,0.041595458984375,15,0.712759137153625,USV,1
366.621856689453,45.9375,0.041595458984375,13.4375,0.727107465267181,USV,1
366.705078125,45,0.02081298828125,16.5625,0.743571937084198,USV,1
366.852264404297,46.875,0.035186767578125,15.3125,0.814164996147156,USV,1
367.255462646484,44.0625,0.04638671875,12.1875,0.746181190013885,USV,1
367.45068359375,42.5,0.025604248046875,13.125,0.873586297035217,USV,1
367.637878417969,44.375,0.04638671875,11.5625,0.836560904979706,USV,1
367.823486328125,43.4375,0.040008544921875,11.25,0.837490677833557,USV,1
369.191497802734,44.6875,0.025604248046875,7.5,0.706589102745056,USV,1
410.969573974609,45.625,0.02239990234375,9.6875,0.780641257762909,USV,1
411.916809082031,45.625,0.040008544921875,7.8125,0.789515376091003,USV,1
412.004791259766,44.375,0.0447998046875,12.1875,0.729983150959015,USV,1
412.480010986328,44.0625,0.041595458984375,11.25,0.818773984909058,USV,1
412.910400390625,43.75,0.0447998046875,14.0625,0.743199706077576,USV,1
414.3408203125,45.9375,0.02398681640625,4.6875,0.766323387622833,USV,1
414.57763671875,44.375,0.0303955078125,8.4375,0.741602003574371,USV,1
414.977630615234,43.4375,0.032012939453125,8.125,0.797620475292206,USV,1
444.128387451172,44.0625,0.02880859375,10.3125,0.767507672309875,USV,1
449.395629882812,45.3125,0.02081298828125,8.75,0.736172914505005,USV,1
450.270843505859,45,0.02239990234375,7.1875,0.756577968597412,USV,1
503.914672851562,45,0.04638671875,7.1875,0.8120077252388,USV,1
504.010681152344,44.6875,0.02081298828125,10,0.738424718379974,USV,1
504.297058105469,45.9375,0.02398681640625,6.25,0.71937108039856,USV,1
504.588287353516,45.9375,0.03839111328125,9.375,0.802290499210358,USV,1
504.921081542969,43.4375,0.027191162109375,10.9375,0.86127781867981,USV,1
505.012268066406,45,0.05120849609375,10,0.769511938095093,USV,1
505.146667480469,44.0625,0.040008544921875,11.875,0.721103250980377,USV,1
505.237884521484,43.75,0.05120849609375,17.5,0.763520956039429,USV,1
505.378692626953,44.6875,0.049591064453125,11.5625,0.722959041595459,USV,1
505.549896240234,45.3125,0.055999755859375,10.3125,0.781527757644653,USV,1
506.431488037109,43.75,0.046417236328125,19.375,0.711387872695923,USV,1
506.92431640625,46.5625,0.02880859375,13.4375,0.719624578952789,USV,1
507.43310546875,45.3125,0.027191162109375,11.25,0.747360706329346,USV,1
507.527496337891,43.75,0.019195556640625,10.3125,0.870340883731842,USV,1
507.604309082031,43.125,0.041595458984375,12.5,0.732523918151855,USV,1
507.882720947266,44.0625,0.019195556640625,10.3125,0.832032203674316,USV,1
508.060302734375,43.75,0.041595458984375,7.1875,0.802502453327179,USV,1
508.156311035156,44.0625,0.040008544921875,6.875,0.755524456501007,USV,1
508.252319335938,44.0625,0.025604248046875,9.375,0.810357451438904,USV,1
508.402709960938,44.375,0.027191162109375,5.9375,0.707579672336578,USV,1
508.497131347656,42.5,0.02398681640625,12.1875,0.823734700679779,USV,1
508.778717041016,44.0625,0.043212890625,9.375,0.850471615791321,USV,1
536.033447265625,44.6875,0.01922607421875,15.3125,0.792273879051208,USV,1
536.494262695312,45,0.02081298828125,16.25,0.746635973453522,USV,1
536.737426757812,44.375,0.02880859375,12.5,0.709295570850372,USV,1
537.158264160156,43.4375,0.03997802734375,19.375,0.796257197856903,USV,1
537.881469726562,43.75,0.02081298828125,18.125,0.730511128902435,USV,1
538.324645996094,43.4375,0.04962158203125,12.5,0.745657563209534,USV,1
540.270263671875,45,0.06402587890625,11.25,0.85651433467865,USV,1
540.460693359375,43.125,0.05438232421875,12.1875,0.83655709028244,USV,1
540.651123046875,42.8125,0.04638671875,12.5,0.873071193695068,USV,1
540.83349609375,44.0625,0.043212890625,17.5,0.901234805583954,USV,1
541.460693359375,44.6875,0.0416259765625,10.9375,0.754835367202759,USV,1
541.751892089844,46.5625,0.0303955078125,9.375,0.703845024108887,USV,1
542.425537109375,45,0.02557373046875,7.1875,0.752225399017334,USV,1
542.828735351562,43.4375,0.04315185546875,10.625,0.813901662826538,USV,1
840.265808105469,46.875,0.02880859375,8.125,0.769989490509033,USV,1
841.723388671875,45,0.02880859375,9.6875,0.74074399471283,USV,1
842.134582519531,44.6875,0.03839111328125,11.875,0.828781008720398,USV,1
842.496215820312,44.0625,0.031982421875,18.4375,0.754035711288452,USV,1
842.606628417969,44.375,0.03839111328125,11.5625,0.806064784526825,USV,1
842.966613769531,44.375,0.03839111328125,15.9375,0.721309065818787,USV,1
843.227416992188,44.6875,0.03839111328125,9.375,0.808598816394806,USV,1
843.3154296875,45,0.0416259765625,11.5625,0.866178691387177,USV,1
844.798645019531,44.6875,0.03680419921875,10,0.740760505199432,USV,1
928.863586425781,45,0.0416259765625,9.6875,0.740312933921814,USV,1
929.527648925781,44.375,0.03680419921875,10.9375,0.743634819984436,USV,1
929.934020996094,45.625,0.0447998046875,9.6875,0.764852404594421,USV,1
930.034851074219,43.4375,0.03839111328125,12.8125,0.799098968505859,USV,1
930.233215332031,44.375,0.043212890625,10.9375,0.772124528884888,USV,1
930.346801757812,45.625,0.043212890625,10.3125,0.871949732303619,USV,1
930.438049316406,43.4375,0.043212890625,18.75,0.764211714267731,USV,1
930.759643554688,44.375,0.02557373046875,11.25,0.777679681777954,USV,1
930.838012695312,42.5,0.0416259765625,20.625,0.711209952831268,USV,1
931.015625,45,0.03839111328125,12.5,0.72592955827713,USV,1
931.178833007812,43.75,0.03997802734375,10.625,0.712280869483948,USV,1
933.015686035156,44.0625,0.043212890625,6.875,0.742325961589813,USV,1
962.720031738281,45.3125,0.02880859375,6.5625,0.725149810314178,USV,1
962.903991699219,44.6875,0.043212890625,8.75,0.751802444458008,USV,1
963.054443359375,44.6875,0.02239990234375,8.125,0.764696836471558,USV,1
963.526428222656,45.625,0.03839111328125,6.875,0.738720595836639,USV,1
965.371215820312,44.0625,0.03680419921875,12.1875,0.778958022594452,USV,1
965.716857910156,45,0.03680419921875,9.6875,0.806866526603699,USV,1
965.819274902344,44.6875,0.043212890625,10,0.855381309986115,USV,1
965.944030761719,44.375,0.03997802734375,10.3125,0.712898373603821,USV,1
966.046447753906,44.0625,0.05120849609375,11.25,0.734625339508057,USV,1
966.148864746094,44.6875,0.0447998046875,8.4375,0.713148653507233,USV,1
966.251220703125,44.0625,0.03839111328125,13.125,0.800600647926331,USV,1
967.508850097656,45.9375,0.043212890625,9.0625,0.860347628593445,USV,1
968.384094238281,45,0.05755615234375,10,0.776202321052551,USV,1
968.673706054688,45.3125,0.0560302734375,10.3125,0.857760548591614,USV,1
968.880065917969,44.375,0.04327392578125,9.6875,0.776785969734192,USV,1
969.075256347656,43.75,0.03997802734375,12.8125,0.777131676673889,USV,1
969.326477050781,43.4375,0.0416259765625,10.9375,0.814119219779968,USV,1
969.619262695312,44.0625,0.043212890625,6.5625,0.720829367637634,USV,1
979.940979003906,45.625,0.03997802734375,6.25,0.704415738582611,USV,1
980.121826171875,45.3125,0.0272216796875,9.375,0.708046317100525,USV,1
980.460998535156,44.375,0.03680419921875,13.4375,0.750073552131653,USV,1
980.717041015625,45.9375,0.0303955078125,9.0625,0.71913343667984,USV,1
980.808227539062,44.6875,0.0272216796875,9.6875,0.709264874458313,USV,1
980.961853027344,45,0.03839111328125,10,0.895898520946503,USV,1
981.048217773438,45.3125,0.03680419921875,9.0625,0.879316568374634,USV,1
981.389038085938,43.4375,0.03997802734375,11.25,0.783549726009369,USV,1
981.496215820312,45.9375,0.03680419921875,10,0.837378323078156,USV,1
981.701049804688,44.0625,0.02398681640625,12.5,0.76665461063385,USV,1
982.227416992188,44.375,0.02239990234375,9.6875,0.858732759952545,USV,1
982.665832519531,45.625,0.0272216796875,5.3125,0.797826826572418,USV,1
983.725036621094,45.625,0.02081298828125,7.8125,0.736551761627197,USV,1
983.870666503906,44.6875,0.03839111328125,10.9375,0.804900109767914,USV,1
984.995483398438,44.375,0.02880859375,5.3125,0.710817694664001,USV,1
985.285095214844,42.8125,0.04638671875,7.8125,0.766267836093903,USV,1
1012.24859619141,45.625,0.02880859375,9.375,0.785252928733826,USV,1
1012.39416503906,44.375,0.043212890625,5.9375,0.708719313144684,USV,1
1012.63897705078,45,0.03363037109375,5.3125,0.733188331127167,USV,1
1012.72381591797,45.3125,0.03521728515625,10,0.83964878320694,USV,1
1012.81176757812,45.3125,0.025634765625,9.6875,0.773925065994263,USV,1
1012.90301513672,44.375,0.031982421875,8.75,0.761614859104156,USV,1
1013.04541015625,45,0.03839111328125,8.4375,0.732548177242279,USV,1
1013.18621826172,45,0.04638671875,6.875,0.744969487190247,USV,1
1013.37182617188,44.375,0.03997802734375,10.9375,0.808423042297363,USV,1
1013.52062988281,44.375,0.0447998046875,6.875,0.744652926921844,USV,1
1013.73022460938,44.6875,0.017578125,10.9375,0.820381879806519,USV,1
1013.82141113281,44.375,0.03997802734375,12.1875,0.706696927547455,USV,1
1013.91900634766,44.6875,0.0447998046875,11.875,0.728110492229462,USV,1
1014.00701904297,44.375,0.04638671875,11.875,0.739082634449005,USV,1
1014.22778320312,44.6875,0.04638671875,11.5625,0.795239210128784,USV,1
1014.41180419922,43.75,0.0447998046875,18.125,0.794771015644073,USV,1
1014.67742919922,44.375,0.03839111328125,10.3125,0.829674303531647,USV,1
1015.02459716797,44.375,0.03839111328125,12.1875,0.766630113124847,USV,1
1015.27581787109,46.875,0.02398681640625,14.6875,0.703903615474701,USV,1
1015.4326171875,44.0625,0.03680419921875,17.1875,0.766214609146118,USV,1
1015.74621582031,47.1875,0.03997802734375,13.125,0.844995021820068,USV,1
1015.90625,43.4375,0.03521728515625,19.375,0.742757081985474,USV,1
1016.33184814453,44.6875,0.0479736328125,10.9375,0.905052721500397,USV,1
1016.53186035156,45.3125,0.04638671875,10.9375,0.790601849555969,USV,1
1016.72546386719,45,0.04638671875,9.375,0.898357689380646,USV,1
1016.9814453125,42.8125,0.043212890625,11.875,0.833021342754364,USV,1
1017.17663574219,44.6875,0.0416259765625,5.9375,0.705488860607147,USV,1
1017.80706787109,43.75,0.03839111328125,11.25,0.799527704715729,USV,1
1017.98626708984,44.6875,0.02081298828125,8.125,0.770065009593964,USV,1
1043.13696289062,44.0625,0.0191650390625,11.5625,0.707834422588348,USV,1
1043.49377441406,44.0625,0.0240478515625,11.25,0.756807208061218,USV,1
1084.75500488281,45,0.0400390625,7.5,0.705150067806244,USV,1
1085.13269042969,44.375,0.04638671875,11.25,0.751103043556213,USV,1
1085.23022460938,45.3125,0.031982421875,6.25,0.700457990169525,USV,1
1085.38549804688,45,0.0400390625,9.0625,0.800565123558044,USV,1
1085.4814453125,44.0625,0.04638671875,9.375,0.790550768375397,USV,1
1085.57580566406,43.75,0.0416259765625,10.9375,0.814271509647369,USV,1
1085.72778320312,44.0625,0.0272216796875,9.0625,0.798362970352173,USV,1
1085.82385253906,45,0.0384521484375,11.25,0.721633851528168,USV,1
1085.91821289062,45,0.0479736328125,11.25,0.837035477161407,USV,1
1086.1630859375,44.375,0.0400390625,11.5625,0.87047153711319,USV,1
1086.49426269531,45,0.0384521484375,16.875,0.730620920658112,USV,1
1087.15185546875,44.375,0.0447998046875,14.0625,0.755493581295013,USV,1
1087.30871582031,45,0.02880859375,9.6875,0.744288802146912,USV,1
1088.60302734375,43.75,0.0560302734375,12.1875,0.742380142211914,USV,1
1088.77905273438,44.375,0.0400390625,10.3125,0.890838861465454,USV,1
1089.1630859375,45.3125,0.020751953125,16.25,0.818106234073639,USV,1
1089.3134765625,43.75,0.0384521484375,14.375,0.788085103034973,USV,1
1089.47985839844,42.8125,0.0384521484375,15,0.749746978282928,USV,1
1089.556640625,43.125,0.0384521484375,13.125,0.74447113275528,USV,1
1089.63024902344,43.75,0.0433349609375,13.125,0.758176922798157,USV,1
1091.00793457031,42.1875,0.0224609375,13.125,0.830908834934235,USV,1
1091.19836425781,44.6875,0.025634765625,9.6875,0.80948793888092,USV,1
1091.39196777344,45,0.0240478515625,7.5,0.792939603328705,USV,1
1093.13269042969,45,0.020751953125,7.1875,0.800533950328827,USV,1
1117.88342285156,45.625,0.0191650390625,9.375,0.701040208339691,USV,1
1124.26586914062,45.625,0.0224609375,6.25,0.702553033828735,USV,1
1200.18676757812,45.9375,0.025634765625,5.625,0.801884174346924,USV,1
1201.2412109375,45.625,0.0255126953125,10.9375,0.706079840660095,USV,1
1201.58996582031,44.375,0.043212890625,9.375,0.710713148117065,USV,1
1201.95642089844,45.625,0.0384521484375,7.1875,0.771228551864624,USV,1
1202.14038085938,45.625,0.0416259765625,10.625,0.803058087825775,USV,1
1202.23962402344,45,0.0416259765625,9.375,0.889442145824432,USV,1
1202.75,45,0.0400390625,8.4375,0.854341983795166,USV,1
1203.19006347656,43.75,0.049560546875,11.875,0.703554630279541,USV,1
1204.20288085938,45.625,0.0303955078125,9.0625,0.715925872325897,USV,1
1312.80725097656,46.25,0.0224609375,4.6875,0.720270812511444,USV,1
1313.17370605469,44.6875,0.0400390625,11.25,0.802941739559174,USV,1
1314.84887695312,27.5,0.0303955078125,4.375,0.701406121253967,USV,1
1361.43505859375,44.6875,0.0240478515625,9.0625,0.767614424228668,USV,1
1361.52307128906,44.6875,0.025634765625,7.5,0.72286581993103,USV,1
1361.90222167969,44.375,0.0335693359375,8.75,0.800970613956451,USV,1
1362.2158203125,44.6875,0.031982421875,6.25,0.712597131729126,USV,1
1362.3134765625,45.625,0.0240478515625,5.3125,0.733752191066742,USV,1
1362.46228027344,44.0625,0.0400390625,13.125,0.704310417175293,USV,1
1362.55822753906,45,0.04638671875,7.1875,0.713540256023407,USV,1
1362.65588378906,44.375,0.03515625,11.25,0.731900215148926,USV,1
1362.7470703125,45,0.0479736328125,7.8125,0.772497773170471,USV,1
1362.85266113281,44.0625,0.0511474609375,11.5625,0.778082132339478,USV,1
1362.95031738281,44.375,0.0528564453125,11.875,0.781590223312378,USV,1
1363.10229492188,45,0.043212890625,9.6875,0.751530170440674,USV,1
1363.68469238281,44.6875,0.052734375,12.8125,0.700100243091583,USV,1
1363.92944335938,43.125,0.043212890625,15,0.703226387500763,USV,1
1365.07824707031,44.375,0.043212890625,10.9375,0.732402980327606,USV,1
1365.255859375,44.375,0.0447998046875,11.25,0.729109048843384,USV,1
1365.35827636719,43.4375,0.020751953125,11.25,0.818734765052795,USV,1
1365.689453125,44.0625,0.0400390625,10.625,0.722304463386536,USV,1
1366.27185058594,44.0625,0.0240478515625,8.4375,0.768614411354065,USV,1
1374.29919433594,45,0.031982421875,9.375,0.715097069740295,USV,1
1374.54565429688,45.3125,0.03515625,10.3125,0.854020237922668,USV,1
1374.67199707031,45,0.0367431640625,10.625,0.781856715679169,USV,1
1374.90881347656,44.0625,0.0384521484375,10.625,0.75001847743988,USV,1
1375.01440429688,43.75,0.0511474609375,10,0.794059634208679,USV,1
1375.45922851562,44.375,0.0272216796875,11.5625,0.84703117609024,USV,1
1375.55041503906,45.3125,0.0367431640625,10.625,0.767133951187134,USV,1
1375.9599609375,44.375,0.0272216796875,9.0625,0.825774729251862,USV,1
1376.14562988281,44.6875,0.0367431640625,9.375,0.82208526134491,USV,1
1377.44165039062,44.0625,0.0335693359375,6.5625,0.795337319374084,USV,1
1377.66723632812,43.125,0.04638671875,11.25,0.728235960006714,USV,1
1378.09118652344,43.125,0.043212890625,5.9375,0.711132645606995,USV,1
1393.86901855469,45,0.0272216796875,5.3125,0.821163415908813,USV,1
1394.0498046875,45,0.0303955078125,5.3125,0.723632454872131,USV,1
1394.51062011719,45.3125,0.0240478515625,6.5625,0.788053274154663,USV,1
1394.5986328125,45.3125,0.0224609375,7.1875,0.776254057884216,USV,1
1394.73303222656,45,0.0367431640625,11.5625,0.771704792976379,USV,1
1394.974609375,44.6875,0.0367431640625,11.5625,0.775588095188141,USV,1
1395.072265625,45.3125,0.025634765625,5.625,0.757422804832458,USV,1
1395.16027832031,43.4375,0.049560546875,12.1875,0.890677213668823,USV,1
1395.36669921875,43.75,0.0447998046875,11.25,0.877241492271423,USV,1
1395.46105957031,44.375,0.04638671875,11.5625,0.802353918552399,USV,1
1395.61303710938,45,0.0384521484375,10.9375,0.706420481204987,USV,1
1395.70581054688,45,0.04638671875,10,0.835439562797546,USV,1
1396.30419921875,45,0.0447998046875,10.3125,0.839282274246216,USV,1
1396.67065429688,44.6875,0.0400390625,10.9375,0.830898821353912,USV,1
1396.84020996094,44.6875,0.043212890625,11.875,0.859511971473694,USV,1
1397.00671386719,44.375,0.0416259765625,12.1875,0.883392632007599,USV,1
1397.08190917969,44.6875,0.0416259765625,17.1875,0.755918383598328,USV,1
1397.40661621094,46.25,0.0240478515625,12.5,0.82056999206543,USV,1
1397.75073242188,45.625,0.03515625,14.6875,0.801166176795959,USV,1
1398.28186035156,44.0625,0.0576171875,12.5,0.866654753684998,USV,1
1398.72827148438,42.5,0.0400390625,9.375,0.712682008743286,USV,1
1399.337890625,44.0625,0.02880859375,9.375,0.76051390171051,USV,1
1429.21984863281,44.0625,0.0272216796875,9.6875,0.762717068195343,USV,1
1429.3974609375,44.375,0.0224609375,10.9375,0.71569436788559,USV,1
1429.73828125,45.3125,0.0384521484375,10.625,0.739485621452332,USV,1
1429.82299804688,45.3125,0.0384521484375,10.3125,0.77401202917099,USV,1
1429.91259765625,45.625,0.025634765625,10.3125,0.739364147186279,USV,1
1430.22143554688,45.625,0.04638671875,6.5625,0.71958976984024,USV,1
1430.46948242188,45,0.0416259765625,9.0625,0.810518562793732,USV,1
1430.57189941406,45,0.0400390625,10,0.810152411460876,USV,1
1431.10302734375,45,0.0367431640625,10,0.877352178096771,USV,1
1431.37341308594,44.6875,0.0416259765625,13.125,0.738113522529602,USV,1
1431.455078125,44.375,0.0400390625,10.9375,0.805138528347015,USV,1
1432.46142578125,45,0.041748046875,6.5625,0.819594383239746,USV,1
1432.61511230469,45.3125,0.02880859375,7.5,0.704402148723602,USV,1
1433.16552734375,44.375,0.025634765625,10.625,0.717935502529144,USV,1
1433.25354003906,43.4375,0.04638671875,10.9375,0.738429486751556,USV,1
1433.97827148438,43.75,0.0479736328125,5.9375,0.759477555751801,USV,1
1434.77990722656,43.75,0.0303955078125,6.25,0.720871090888977,USV,1
1509.0703125,45,0.0272216796875,5.625,0.77328097820282,USV,1
1509.16320800781,45.3125,0.025634765625,7.1875,0.808160483837128,USV,1
1509.53759765625,45.3125,0.025634765625,6.5625,0.800657510757446,USV,1
1509.85913085938,45,0.04638671875,10.625,0.783335328102112,USV,1
1510.203125,43.75,0.03515625,13.4375,0.835242509841919,USV,1
1510.30554199219,45,0.0416259765625,9.0625,0.789249062538147,USV,1
1510.64953613281,44.6875,0.043212890625,11.5625,0.795451045036316,USV,1
1510.81921386719,43.125,0.0447998046875,20.3125,0.724894464015961,USV,1
1511,44.375,0.0447998046875,12.1875,0.772493362426758,USV,1
1511.2431640625,44.375,0.0479736328125,13.125,0.725825667381287,USV,1
1511.76477050781,45.625,0.0416259765625,11.25,0.80214262008667,USV,1
1511.92163085938,45.625,0.02880859375,10.3125,0.76569002866745,USV,1
1511.97119140625,44.375,0.0447998046875,9.375,0.706953465938568,USV,1
1512.25439453125,47.1875,0.025634765625,10.3125,0.841706693172455,USV,1
1512.78881835938,44.375,0.0384521484375,11.875,0.814272463321686,USV,1
1512.93286132812,44.0625,0.025634765625,11.25,0.809376657009125,USV,1
1513.00964355469,43.75,0.049560546875,12.8125,0.827893376350403,USV,1
1513.20166015625,44.375,0.0447998046875,9.375,0.710984230041504,USV,1
1513.41442871094,43.4375,0.0400390625,10.9375,0.834565103054047,USV,1
1513.60485839844,43.75,0.02880859375,5.625,0.749174654483795,USV,1
1513.89916992188,45.3125,0.0272216796875,5,0.724684357643127,USV,1
1513.99365234375,44.6875,0.025634765625,7.5,0.704733431339264,USV,1
1524.49291992188,44.375,0.0416259765625,6.25,0.776450574398041,USV,1
1526.09460449219,44.375,0.0272216796875,11.5625,0.765351593494415,USV,1
1526.96813964844,45.3125,0.031982421875,5,0.719815671443939,USV,1
1527.06262207031,44.375,0.0479736328125,8.75,0.744288504123688,USV,1
1527.16333007812,44.0625,0.049560546875,10.625,0.721887588500977,USV,1
1527.72973632812,43.4375,0.0335693359375,18.4375,0.729093313217163,USV,1
1527.82104492188,44.6875,0.025634765625,8.4375,0.726695477962494,USV,1
1527.90258789062,45,0.0416259765625,12.5,0.755049884319305,USV,1
1528.17138671875,44.0625,0.0400390625,10.625,0.837424039840698,USV,1
1528.25134277344,44.375,0.0384521484375,9.0625,0.773260414600372,USV,1
1559.13818359375,45.9375,0.031982421875,8.4375,0.751839518547058,USV,1
1559.37170410156,44.6875,0.0400390625,5.9375,0.746006846427917,USV,1
1559.51574707031,44.6875,0.0447998046875,9.0625,0.818242073059082,USV,1
1559.61340332031,45.3125,0.02880859375,6.875,0.763578534126282,USV,1
1559.75732421875,43.75,0.04638671875,12.1875,0.81655752658844,USV,1
1559.85656738281,45.625,0.0400390625,7.5,0.826959133148193,USV,1
1560.10302734375,44.375,0.0511474609375,8.125,0.787440419197083,USV,1
1560.20690917969,44.0625,0.0511474609375,12.8125,0.786285698413849,USV,1
1560.36376953125,44.0625,0.0367431640625,10.3125,0.757314801216125,USV,1
1561.00537109375,44.0625,0.0528564453125,13.4375,0.716141879558563,USV,1
1561.1845703125,44.6875,0.0416259765625,11.5625,0.825592398643494,USV,1
1561.35412597656,43.75,0.049560546875,11.5625,0.732721030712128,USV,1
1561.53662109375,43.75,0.0384521484375,12.5,0.767931640148163,USV,1
1561.71423339844,45,0.03515625,12.5,0.741952538490295,USV,1
1561.90454101562,44.375,0.0400390625,14.0625,0.700435161590576,USV,1
1562.16540527344,45.625,0.0384521484375,10,0.735975205898285,USV,1
1562.33813476562,45,0.025634765625,9.0625,0.751185297966003,USV,1
1562.50305175781,44.375,0.0335693359375,16.875,0.779766082763672,USV,1
1562.97180175781,45.3125,0.049560546875,9.6875,0.821506142616272,USV,1
1563.22143554688,43.125,0.0511474609375,11.875,0.799494802951813,USV,1
1563.43420410156,43.125,0.04638671875,7.8125,0.789016485214233,USV,1
1564.37976074219,45.3125,0.020751953125,6.25,0.729405105113983,USV,1
1594.06335449219,44.375,0.043212890625,9.375,0.782907247543335,USV,1
1594.15612792969,45.3125,0.02880859375,10.9375,0.79468309879303,USV,1
1594.32421875,45.625,0.0416259765625,7.8125,0.85236531496048,USV,1
1594.78979492188,44.6875,0.054443359375,9.6875,0.705294728279114,USV,1
1595.66333007812,43.4375,0.04638671875,14.0625,0.753479599952698,USV,1
1595.75622558594,43.75,0.025634765625,12.1875,0.826429545879364,USV,1
1595.9833984375,45.3125,0.03515625,10,0.730396211147308,USV,1
1596.16418457031,44.6875,0.0447998046875,12.8125,0.784521341323853,USV,1
1596.25695800781,45.625,0.0272216796875,9.0625,0.711943745613098,USV,1
1596.51940917969,45,0.043212890625,11.5625,0.722093403339386,USV,1
1596.60583496094,45,0.0272216796875,8.4375,0.784493505954742,USV,1
1597.42822265625,44.6875,0.0400390625,10.3125,0.803067445755005,USV,1
1597.90344238281,45.625,0.0303955078125,9.0625,0.726881325244904,USV,1
1598.30346679688,44.6875,0.0303955078125,5.3125,0.726848304271698,USV,1
1647.6943359375,45.9375,0.0272216796875,5,0.718672811985016,USV,1
1647.78076171875,45,0.025634765625,10,0.763429522514343,USV,1
1648,45.9375,0.043212890625,6.25,0.712361693382263,USV,1
1648.2431640625,46.25,0.0416259765625,9.375,0.816020369529724,USV,1
1648.52954101562,43.75,0.04638671875,10.3125,0.860157370567322,USV,1
1648.67517089844,44.375,0.0416259765625,11.25,0.704393982887268,USV,1
1648.88000488281,44.6875,0.04638671875,10.9375,0.727080345153809,USV,1
1649.21923828125,44.0625,0.04638671875,12.8125,0.72143542766571,USV,1
1649.57763671875,45,0.0447998046875,8.125,0.78862202167511,USV,1
1650.01599121094,45,0.044921875,12.1875,0.73939836025238,USV,1
1650.49438476562,46.875,0.043212890625,14.375,0.72096836566925,USV,1
1651.1904296875,46.5625,0.025634765625,11.5625,0.818234264850616,USV,1
1651.36157226562,45,0.0224609375,16.25,0.726543426513672,USV,1
1651.93603515625,45.3125,0.02880859375,6.25,0.708600878715515,USV,1
1652.07849121094,43.125,0.04150390625,13.75,0.818549394607544,USV,1
1652.27526855469,44.6875,0.049560546875,11.5625,0.740275919437408,USV,1
1652.47998046875,42.1875,0.048095703125,14.0625,0.807619154453278,USV,1
1652.72485351562,43.75,0.0384521484375,7.5,0.783325731754303,USV,1
1652.92004394531,44.6875,0.0447998046875,5,0.80685156583786,USV,1
1662.80334472656,45.9375,0.0272216796875,10.625,0.782508015632629,USV,1
1663.23693847656,44.6875,0.043212890625,10.3125,0.727161347866058,USV,1
1663.57141113281,44.375,0.020751953125,8.4375,0.770007371902466,USV,1
1664.04821777344,44.0625,0.0447998046875,19.0625,0.746139407157898,USV,1
1664.68823242188,44.375,0.0335693359375,12.1875,0.929179668426514,USV,1
1664.76184082031,45.3125,0.0367431640625,7.5,0.857000052928925,USV,1
1666.15063476562,43.125,0.0416259765625,6.5625,0.766669750213623,USV,1
1730.40417480469,46.5625,0.0240478515625,8.75,0.707307457923889,USV,1
1734.42663574219,45.3125,0.031982421875,6.25,0.719489991664886,USV,1
1746.22509765625,44.0625,0.025634765625,10.9375,0.80522620677948,USV,1
1762.95971679688,43.4375,0.02880859375,6.5625,0.734026074409485,USV,1
1763.18530273438,42.8125,0.0416259765625,5.9375,0.745005249977112,USV,1
1765.36779785156,45,0.025634765625,11.25,0.722500264644623,USV,1
1765.80139160156,45,0.02880859375,8.75,0.792028248310089,USV,1
1765.87658691406,44.6875,0.0384521484375,10.3125,0.826406300067902,USV,1
1766.01574707031,45.3125,0.0400390625,10.9375,0.702548623085022,USV,1
1766.30859375,44.375,0.043212890625,13.75,0.739658534526825,USV,1
1766.39660644531,43.75,0.049560546875,12.8125,0.719405651092529,USV,1
1766.58374023438,44.6875,0.0367431640625,12.8125,0.873428285121918,USV,1
1768.46215820312,43.4375,0.04638671875,6.875,0.751767754554749,USV,1
1768.55981445312,44.375,0.049560546875,5.625,0.882736444473267,USV,1
1768.83825683594,44.6875,0.0416259765625,5.9375,0.704772353172302,USV,1
1801.94580078125,45,0.0224609375,10.9375,0.717427253723145,USV,1
1802.19055175781,44.375,0.0240478515625,11.25,0.727593660354614,USV,1
1806.66748046875,45.9375,0.020751953125,14.375,0.807334065437317,USV,1
1807.939453125,47.1875,0.0224609375,13.125,0.795757651329041,USV,1
1808.31701660156,43.75,0.0479736328125,14.375,0.785300493240356,USV,1
1808.47229003906,43.75,0.0447998046875,12.5,0.823921084403992,USV,1
1808.63708496094,43.4375,0.0367431640625,13.4375,0.77331930398941,USV,1
1808.71545410156,43.125,0.0224609375,20.625,0.79872053861618,USV,1
1810.68029785156,44.6875,0.0367431640625,12.8125,0.753002226352692,USV,1
1811.50903320312,45,0.0240478515625,10.3125,0.789971351623535,USV,1
1811.65148925781,43.75,0.0384521484375,17.1875,0.767783999443054,USV,1
1811.8818359375,45.3125,0.0367431640625,10.3125,0.888302385807037,USV,1
1811.96667480469,45,0.0224609375,7.1875,0.745679616928101,USV,1
1812.05310058594,44.0625,0.0447998046875,11.875,0.785351991653442,USV,1
1812.22424316406,44.6875,0.0479736328125,8.4375,0.821468532085419,USV,1
1812.85949707031,43.75,0.0416259765625,12.5,0.740709185600281,USV,1
1813.10595703125,44.375,0.0447998046875,10.625,0.736746668815613,USV,1
1813.35229492188,44.6875,0.0367431640625,11.5625,0.831431210041046,USV,1
1813.53625488281,43.75,0.0416259765625,11.5625,0.816732883453369,USV,1
1813.77795410156,43.125,0.0384521484375,7.8125,0.727487683296204,USV,1
1814.02270507812,42.8125,0.0479736328125,7.5,0.823290586471558,USV,1
1814.51550292969,45,0.031982421875,5.3125,0.740603864192963,USV,1
1886.41076660156,44.6875,0.0400390625,9.6875,0.705667018890381,USV,1
1887.18200683594,44.0625,0.0416259765625,11.5625,0.742355108261108,USV,1
1887.35314941406,45,0.0416259765625,8.75,0.782505512237549,USV,1
1888.18835449219,44.375,0.0416259765625,9.375,0.71506255865097,USV,1
1888.66516113281,44.0625,0.0416259765625,17.1875,0.767775893211365,USV,1
1889.38525390625,43.4375,0.0447998046875,11.875,0.733835875988007,USV,1
1889.48120117188,45.3125,0.0367431640625,10.9375,0.814333260059357,USV,1
1889.57885742188,45,0.0416259765625,9.0625,0.807125806808472,USV,1
1889.67163085938,45.3125,0.0447998046875,7.8125,0.76904308795929,USV,1
1890.10363769531,44.375,0.0416259765625,10.625,0.813963830471039,USV,1
1891.4140625,43.125,0.0400390625,11.25,0.817075133323669,USV,1
1891.74047851562,43.4375,0.0416259765625,6.25,0.778839111328125,USV,1
1910.58068847656,44.375,0.0240478515625,5.3125,0.760529041290283,USV,1
1910.671875,45.3125,0.02880859375,6.25,0.752455711364746,USV,1
1911.04309082031,45,0.025634765625,7.5,0.774998784065247,USV,1
1911.19665527344,45.625,0.025634765625,7.5,0.744580924510956,USV,1
1911.53271484375,46.25,0.031982421875,6.25,0.709845542907715,USV,1
1911.671875,44.0625,0.04638671875,11.875,0.742012143135071,USV,1
1911.77587890625,45.3125,0.0479736328125,6.25,0.715752840042114,USV,1
1912.0302734375,44.6875,0.049560546875,9.0625,0.797361493110657,USV,1
1912.13269042969,43.125,0.0367431640625,14.0625,0.820523798465729,USV,1
1912.60949707031,45.3125,0.03515625,15.625,0.713656902313232,USV,1
1912.89904785156,44.375,0.043212890625,10.3125,0.854463040828705,USV,1
1912.96142578125,44.375,0.043212890625,11.875,0.864484548568726,USV,1
1913.02709960938,43.4375,0.0511474609375,12.5,0.803071677684784,USV,1
1914.72631835938,44.0625,0.04638671875,11.25,0.822439968585968,USV,1
1915.40954589844,44.6875,0.02880859375,5.625,0.724759578704834,USV,1
1915.71350097656,43.75,0.0400390625,5.9375,0.756555020809174,USV,1
1915.86547851562,43.75,0.0416259765625,5.625,0.746988654136658,USV,1
1953.55236816406,44.6875,0.0303955078125,5.625,0.736491024494171,USV,1
1953.63879394531,45,0.025634765625,8.4375,0.779886841773987,USV,1
1953.81640625,43.75,0.025634765625,9.6875,0.778038561344147,USV,1
1953.8916015625,43.125,0.043212890625,13.75,0.736059069633484,USV,1
1954.02429199219,43.125,0.04638671875,14.6875,0.75374037027359,USV,1
1954.16674804688,45.3125,0.0224609375,9.375,0.771662712097168,USV,1
1976.1494140625,35,0.04638671875,6.25,0.727394104003906,USV,1
1980.8310546875,44.0625,0.0352783203125,6.875,0.703951835632324,USV,1
1981.33508300781,34.6875,0.0416259765625,6.25,0.727520406246185,USV,1
1982.79748535156,44.375,0.025634765625,9.375,0.83595609664917,USV,1
1983.12072753906,44.375,0.043212890625,10,0.827803671360016,USV,1
1983.21508789062,44.375,0.0496826171875,13.125,0.749412775039673,USV,1
1983.32543945312,45.625,0.0416259765625,9.375,0.85239315032959,USV,1
1983.42150878906,42.8125,0.0384521484375,20.9375,0.701446115970612,USV,1
1983.67431640625,44.6875,0.04638671875,11.875,0.79355663061142,USV,1
1983.83752441406,45,0.0560302734375,8.125,0.76483827829361,USV,1
1983.93835449219,45.625,0.0400390625,10.625,0.703985273838043,USV,1
1984.02795410156,44.6875,0.025634765625,12.1875,0.743645310401917,USV,1
1984.287109375,43.4375,0.0416259765625,13.125,0.883756518363953,USV,1
1985.53356933594,45.625,0.0224609375,5.3125,0.70592600107193,USV,1
1985.75915527344,45,0.0479736328125,8.4375,0.744308352470398,USV,1
1986.41027832031,44.0625,0.0400390625,6.875,0.715979933738708,USV,1
1986.54638671875,43.125,0.0416259765625,7.5,0.700799643993378,USV,1
1987.40234375,43.4375,0.025634765625,6.5625,0.718040764331818,USV,1
2052.27026367188,44.6875,0.027099609375,8.4375,0.775294601917267,USV,1
2052.83837890625,45,0.043212890625,5.3125,0.833511352539062,USV,1
2053.25268554688,44.0625,0.0302734375,10.9375,0.728684663772583,USV,1
2053.34545898438,45.9375,0.025634765625,6.875,0.721105635166168,USV,1
2053.57275390625,44.6875,0.044921875,8.4375,0.706161499023438,USV,1
2053.716796875,45,0.044921875,9.375,0.758321106433868,USV,1
2053.8046875,45,0.0400390625,8.125,0.775321364402771,USV,1
2053.94702148438,45,0.048095703125,10,0.749451875686646,USV,1
2054.04638671875,45.3125,0.052734375,7.5,0.790674805641174,USV,1
2054.13745117188,44.6875,0.054443359375,7.5,0.899421453475952,USV,1
2054.67358398438,45.3125,0.04150390625,11.875,0.822710931301117,USV,1
2054.84790039062,43.75,0.052734375,12.8125,0.86280083656311,USV,1
2054.96484375,44.375,0.05126953125,9.0625,0.818126857280731,USV,1
2055.22387695312,44.0625,0.043212890625,18.75,0.712413132190704,USV,1
2055.30541992188,44.375,0.038330078125,12.5,0.781210362911224,USV,1
2055.38720703125,43.125,0.044921875,12.8125,0.898251593112946,USV,1
2055.78393554688,43.75,0.054443359375,9.6875,0.746540784835815,USV,1
2056.21752929688,43.125,0.049560546875,11.5625,0.744627177715302,USV,1
2057.11987304688,44.375,0.044921875,11.5625,0.843467593193054,USV,1
2057.22705078125,44.6875,0.02392578125,8.4375,0.701373875141144,USV,1
2057.548828125,45,0.02392578125,16.25,0.785984337329865,USV,1
2057.71362304688,45,0.020751953125,16.25,0.751512885093689,USV,1
2057.78247070312,45,0.038330078125,11.5625,0.860125362873077,USV,1
2058.23364257812,44.6875,0.02880859375,11.875,0.702777028083801,USV,1
2058.84155273438,45,0.027099609375,8.4375,0.752062320709229,USV,1
2058.9296875,44.6875,0.025634765625,10.625,0.709726989269257,USV,1
2059.10083007812,44.0625,0.027099609375,11.5625,0.76516991853714,USV,1
2059.97924804688,43.125,0.02880859375,12.1875,0.70291543006897,USV,1
2140.32080078125,44.6875,0.0224609375,8.4375,0.722469925880432,USV,1
2140.41040039062,45,0.02880859375,6.25,0.700243294239044,USV,1
2141.5146484375,44.6875,0.036865234375,12.5,0.7298504114151,USV,1
2141.58813476562,44.0625,0.02392578125,10.9375,0.78848123550415,USV,1
2170.26049804688,45.3125,0.038330078125,10.9375,0.795625984668732,USV,1
2170.59008789062,44.6875,0.048095703125,7.5,0.790719628334045,USV,1
2170.77563476562,45.3125,0.04638671875,9.0625,0.860745429992676,USV,1
2170.87646484375,43.75,0.04638671875,18.125,0.741096317768097,USV,1
2171.08276367188,44.6875,0.04150390625,10.625,0.876299023628235,USV,1
2171.17724609375,45.3125,0.043212890625,11.25,0.835039854049683,USV,1
2171.27172851562,44.6875,0.036865234375,10.3125,0.856497049331665,USV,1
2171.36279296875,44.0625,0.025634765625,12.8125,0.880670666694641,USV,1
2171.43798828125,44.0625,0.036865234375,11.875,0.742340385913849,USV,1
2171.52758789062,44.6875,0.04150390625,11.25,0.831362724304199,USV,1
2171.69897460938,43.75,0.0400390625,11.25,0.750508069992065,USV,1
2172.91333007812,45,0.027099609375,6.875,0.708707630634308,USV,1
2173.38061523438,43.4375,0.049560546875,6.5625,0.772520780563354,USV,1
2173.46533203125,43.75,0.055908203125,12.1875,0.861213505268097,USV,1
2196.70874023438,27.8125,0.052734375,5.9375,0.777296006679535,USV,1
2197.07202148438,29.375,0.04638671875,4.6875,0.865691542625427,USV,1
2197.203125,26.5625,0.048095703125,6.25,0.887974679470062,USV,1
2203.1103515625,45.3125,0.04150390625,5.9375,0.7916619181633,USV,1
2203.55688476562,44.0625,0.043212890625,10,0.795486152172089,USV,1
2203.73754882812,45,0.044921875,10.625,0.722013115882874,USV,1
2203.97924804688,44.6875,0.04638671875,7.5,0.81701272726059,USV,1
2204.07690429688,43.125,0.05908203125,13.75,0.750561356544495,USV,1
2204.177734375,45.3125,0.044921875,9.375,0.792757213115692,USV,1
2204.41284179688,44.375,0.04150390625,12.5,0.760862112045288,USV,1
2204.6591796875,44.6875,0.04150390625,12.5,0.824693739414215,USV,1
2204.91528320312,44.6875,0.04638671875,10.3125,0.89054811000824,USV,1
2205.08178710938,44.0625,0.0400390625,13.4375,0.740697681903839,USV,1
2205.4609375,45.9375,0.038330078125,8.4375,0.8323814868927,USV,1
2206.876953125,45,0.043212890625,8.75,0.739437878131866,USV,1
2207.08959960938,44.6875,0.04150390625,10.3125,0.825486779212952,USV,1
2207.177734375,45,0.0224609375,15.625,0.75449001789093,USV,1
2207.328125,43.75,0.02392578125,17.1875,0.783631384372711,USV,1
2207.48486328125,41.5625,0.043212890625,17.8125,0.755402505397797,USV,1
2207.89599609375,44.375,0.0224609375,10.9375,0.843063473701477,USV,1
2208.27368164062,46.25,0.019287109375,13.4375,0.720848023891449,USV,1
2209.0849609375,45,0.031982421875,9.375,0.754039824008942,USV,1
2228.92993164062,45.3125,0.02880859375,4.6875,0.722762107849121,USV,1
2229.01147460938,45.3125,0.025634765625,6.25,0.711035013198853,USV,1
2306.55810546875,44.375,0.030517578125,6.25,0.742645263671875,USV,1
2306.70849609375,44.6875,0.044921875,5.9375,0.831100821495056,USV,1
2307.64916992188,44.375,0.043212890625,12.1875,0.826621413230896,USV,1
2307.8427734375,43.125,0.054443359375,17.5,0.72820520401001,USV,1
2307.94360351562,44.375,0.0576171875,10.3125,0.761399567127228,USV,1
2308.11499023438,45,0.044921875,11.25,0.706004738807678,USV,1
2308.20288085938,44.6875,0.044921875,10.9375,0.809681236743927,USV,1
2308.44604492188,43.75,0.043212890625,14.0625,0.756543397903442,USV,1
2308.61572265625,44.6875,0.049560546875,12.5,0.812685370445251,USV,1
2308.86376953125,44.375,0.048095703125,12.1875,0.752797067165375,USV,1
2309.033203125,45.625,0.04150390625,9.0625,0.841995358467102,USV,1
2309.26684570312,45,0.043212890625,11.875,0.812053561210632,USV,1
2309.43481445312,44.6875,0.043212890625,12.1875,0.751771867275238,USV,1
2309.58203125,45.9375,0.025634765625,9.375,0.702157139778137,USV,1
2309.77880859375,45.625,0.04150390625,10,0.803396940231323,USV,1
2309.85083007812,43.125,0.04150390625,18.75,0.752691090106964,USV,1
2309.94213867188,44.6875,0.03515625,10.9375,0.811729371547699,USV,1
2310.11010742188,44.6875,0.038330078125,10.3125,0.835917890071869,USV,1
2310.45581054688,41.5625,0.0400390625,23.4375,0.729435801506042,USV,1
2310.61889648438,43.4375,0.04150390625,18.4375,0.829198479652405,USV,1
2311.04760742188,43.75,0.048095703125,6.875,0.71491938829422,USV,1
2311.32446289062,43.4375,0.04638671875,10.9375,0.743114948272705,USV,1
2311.697265625,43.125,0.041748046875,8.4375,0.736543416976929,USV,1
2312.193359375,45.625,0.020751953125,5.9375,0.779672026634216,USV,1
2312.28442382812,44.375,0.0224609375,11.25,0.796241044998169,USV,1
2312.37084960938,45,0.02880859375,9.0625,0.73818051815033,USV,1
2339.83203125,45.9375,0.036865234375,9.6875,0.728535652160645,USV,1
2339.91357421875,45,0.043212890625,8.75,0.795539855957031,USV,1
2340.16967773438,45,0.020751953125,8.75,0.764919221401215,USV,1
2340.24487304688,44.375,0.048095703125,11.5625,0.774085342884064,USV,1
2340.32958984375,44.375,0.044921875,10.3125,0.77593868970871,USV,1
2340.62084960938,41.5625,0.036865234375,22.1875,0.776384711265564,USV,1
2340.849609375,42.8125,0.041748046875,21.875,0.745550274848938,USV,1
2341.212890625,45.625,0.043212890625,5.625,0.788896977901459,USV,1
2341.47216796875,45,0.019287109375,9.375,0.728460133075714,USV,1
2341.55688476562,45.625,0.04150390625,10.3125,0.730323493480682,USV,1
2342.01440429688,44.6875,0.027099609375,9.0625,0.781294107437134,USV,1
2342.5537109375,47.1875,0.025634765625,11.5625,0.73161369562149,USV,1
2342.6767578125,46.25,0.0224609375,12.8125,0.722497761249542,USV,1
2342.75048828125,47.8125,0.02392578125,14.0625,0.704012811183929,USV,1
2343.06396484375,47.5,0.038330078125,12.8125,0.824109792709351,USV,1
2343.150390625,47.8125,0.025634765625,13.4375,0.825319111347198,USV,1
2343.22729492188,46.25,0.0224609375,12.1875,0.788932144641876,USV,1
2343.69458007812,45,0.027099609375,9.0625,0.729854941368103,USV,1
2343.76318359375,43.75,0.036865234375,19.0625,0.783610701560974,USV,1
2343.92797851562,44.375,0.04150390625,12.8125,0.738513350486755,USV,1
2344.115234375,42.8125,0.043212890625,12.8125,0.703600525856018,USV,1
2344.30419921875,43.4375,0.049560546875,10.9375,0.858722805976868,USV,1
2344.53930664062,42.1875,0.044921875,13.125,0.798731565475464,USV,1
2344.77758789062,42.8125,0.038330078125,6.5625,0.787237644195557,USV,1
2344.97924804688,43.125,0.038330078125,7.5,0.778145551681519,USV,1
2345.1826171875,43.75,0.031982421875,5.9375,0.722164154052734,USV,1
2345.744140625,44.6875,0.02392578125,7.1875,0.858004570007324,USV,1
2346.12817382812,45,0.02880859375,8.75,0.744450330734253,USV,1
2346.67211914062,45.3125,0.025634765625,6.25,0.718874454498291,USV,1
2347.89135742188,44.0625,0.025634765625,9.375,0.722387850284576,USV,1
2383.44848632812,44.375,0.025634765625,7.8125,0.764458775520325,USV,1
2383.98608398438,44.375,0.043212890625,11.5625,0.874739468097687,USV,1
2384.0869140625,44.6875,0.04638671875,7.5,0.719982981681824,USV,1
2384.18286132812,44.6875,0.04150390625,11.25,0.816262900829315,USV,1
2384.32543945312,45,0.049560546875,6.875,0.831024706363678,USV,1
2384.42626953125,44.6875,0.049560546875,10.9375,0.702381730079651,USV,1
2384.9365234375,44.375,0.0400390625,12.1875,0.809617936611176,USV,1
2385.36059570312,44.375,0.038330078125,12.1875,0.857186675071716,USV,1
2385.5205078125,42.8125,0.048095703125,13.125,0.713517248630524,USV,1
2385.77661132812,46.25,0.043212890625,8.75,0.874208927154541,USV,1
2386.31909179688,46.5625,0.0224609375,7.1875,0.726719975471497,USV,1
2386.44067382812,45.3125,0.04150390625,9.6875,0.726267099380493,USV,1
2386.60864257812,45.9375,0.02880859375,9.0625,0.725299000740051,USV,1
2386.6982421875,44.0625,0.038330078125,18.75,0.771355390548706,USV,1
2386.79907226562,45.625,0.02392578125,10,0.731621563434601,USV,1
2387.05029296875,42.8125,0.020751953125,19.6875,0.785043060779572,USV,1
2387.48388671875,43.4375,0.04638671875,11.875,0.894094169139862,USV,1
2387.69653320312,43.125,0.04150390625,10.9375,0.721318364143372,USV,1
2388.15576171875,42.8125,0.0400390625,6.875,0.817385613918304,USV,1
2388.7333984375,44.375,0.030517578125,9.0625,0.783015370368958,USV,1
2414.86499023438,45.9375,0.025390625,7.1875,0.731796622276306,USV,1
2415.32568359375,45.9375,0.027099609375,10.625,0.703622102737427,USV,1
2416.0537109375,46.25,0.025634765625,15.3125,0.721189260482788,USV,1
2417.02026367188,44.375,0.01611328125,17.5,0.710071623325348,USV,1
2417.17065429688,44.6875,0.036865234375,12.5,0.763938248157501,USV,1
2417.33203125,44.6875,0.03515625,11.25,0.712592780590057,USV,1
2417.49536132812,44.375,0.0224609375,11.25,0.761132776737213,USV,1
2418.12573242188,44.6875,0.04638671875,10,0.71585088968277,USV,1
2419.88256835938,44.6875,0.027099609375,5.625,0.716661810874939,USV,1
2420.62646484375,44.375,0.04150390625,11.25,0.808293044567108,USV,1
2420.82666015625,44.0625,0.043212890625,12.5,0.708914160728455,USV,1
2421.00268554688,44.0625,0.025634765625,11.25,0.700160980224609,USV,1
2421.23779296875,46.5625,0.0224609375,12.1875,0.763290524482727,USV,1
2421.30810546875,47.8125,0.027099609375,9.6875,0.740510225296021,USV,1
2421.39306640625,47.1875,0.019287109375,10.625,0.8819220662117,USV,1
2421.5322265625,46.5625,0.02392578125,9.375,0.713309645652771,USV,1
2421.82348632812,45,0.0224609375,15.625,0.835808753967285,USV,1
2422.16430664062,41.25,0.05126953125,17.5,0.811867952346802,USV,1
2422.3466796875,42.8125,0.05126953125,14.375,0.809625148773193,USV,1
2422.5947265625,42.8125,0.027099609375,12.1875,0.817897617816925,USV,1
2422.84252929688,42.1875,0.044921875,9.0625,0.745189547538757,USV,1
2547.765625,44.6875,0.038330078125,8.4375,0.75754314661026,USV,1
2548.29052734375,45.3125,0.044921875,7.1875,0.735000312328339,USV,1
2548.38012695312,45.3125,0.054443359375,7.8125,0.74004989862442,USV,1
2548.54638671875,45.3125,0.025634765625,6.25,0.706159055233002,USV,1
2548.63916015625,45,0.038330078125,11.25,0.804480731487274,USV,1
2548.72412109375,45.3125,0.04638671875,9.0625,0.803494811058044,USV,1
2548.92724609375,45,0.04150390625,10,0.843666076660156,USV,1
2549.12719726562,44.375,0.052734375,11.5625,0.84699946641922,USV,1
2549.36572265625,45,0.05126953125,9.6875,0.79147881269455,USV,1
2549.68408203125,42.5,0.04638671875,20.625,0.788671851158142,USV,1
2549.78173828125,45,0.0400390625,10,0.822210729122162,USV,1
2549.86645507812,42.8125,0.06396484375,13.4375,0.71899151802063,USV,1
2549.94165039062,40.9375,0.038330078125,24.375,0.732496976852417,USV,1
2550.25048828125,44.6875,0.048095703125,10.625,0.770541608333588,USV,1
2550.42651367188,43.4375,0.0576171875,12.5,0.738045036792755,USV,1
2551.03759765625,46.25,0.0400390625,16.5625,0.706521809101105,USV,1
2551.41528320312,44.6875,0.043212890625,12.8125,0.829264640808105,USV,1
2551.86328125,45.3125,0.027099609375,9.6875,0.788189172744751,USV,1
2552.03295898438,44.0625,0.02392578125,11.5625,0.724358677864075,USV,1
2552.11767578125,42.5,0.038330078125,20.3125,0.748844027519226,USV,1
2552.35620117188,44.0625,0.049560546875,12.1875,0.795827329158783,USV,1
2552.56103515625,44.0625,0.0400390625,12.8125,0.907224416732788,USV,1
2552.65698242188,44.0625,0.04150390625,6.5625,0.723272681236267,USV,1
2553.0234375,43.4375,0.04638671875,10.625,0.81281715631485,USV,1
2553.61206054688,45.625,0.02880859375,5.9375,0.772237420082092,USV,1
2553.79443359375,45.3125,0.02880859375,8.4375,0.750261664390564,USV,1
2553.9736328125,43.75,0.036865234375,12.1875,0.838625729084015,USV,1
2661.07739257812,44.6875,0.025634765625,10,0.844488978385925,USV,1
2661.15893554688,44.375,0.030517578125,6.5625,0.76310133934021,USV,1
2661.54467773438,45.3125,0.030517578125,5.9375,0.718297302722931,USV,1
2661.74951171875,45.625,0.0224609375,6.875,0.789762377738953,USV,1
2661.86767578125,44.6875,0.038330078125,11.5625,0.773433089256287,USV,1
2663.72705078125,44.6875,0.02392578125,8.75,0.740527331829071,USV,1
2663.81494140625,44.375,0.01611328125,9.0625,0.726753354072571,USV,1
2774.13159179688,45,0.0400390625,9.0625,0.761882603168488,USV,1
2774.22119140625,45,0.04638671875,7.8125,0.858924150466919,USV,1
2774.58740234375,44.375,0.04150390625,12.5,0.882432043552399,USV,1
2774.7890625,44.6875,0.030517578125,5.9375,0.742312788963318,USV,1
2774.98901367188,44.6875,0.038330078125,6.25,0.700498819351196,USV,1
2808.46948242188,50,0.025634765625,5.3125,0.72305816411972,USV,1
2813.90161132812,46.875,0.02880859375,7.1875,0.735181152820587,USV,1
2815.26000976562,44.0625,0.04296875,17.1875,0.748138010501862,USV,1
2815.43920898438,44.6875,0.027099609375,5.9375,0.705389320850372,USV,1
2815.58471679688,44.375,0.04150390625,9.0625,0.808465123176575,USV,1
2815.67919921875,43.75,0.052734375,11.875,0.745072424411774,USV,1
2815.92553710938,44.375,0.038330078125,13.125,0.807793915271759,USV,1
2816.6953125,43.4375,0.04150390625,14.375,0.742454886436462,USV,1
2817.20874023438,45.3125,0.027099609375,8.125,0.739197611808777,USV,1
2817.46166992188,45.9375,0.043212890625,7.8125,0.70432847738266,USV,1
2817.880859375,45.9375,0.025634765625,10,0.707138061523438,USV,1
2819.79125976562,44.6875,0.038330078125,11.875,0.848805248737335,USV,1
2848.38354492188,45.3125,0.027099609375,7.1875,0.703261435031891,USV,1
2848.52905273438,45.3125,0.027099609375,5,0.73052567243576,USV,1
2848.67626953125,44.6875,0.030517578125,8.4375,0.773501515388489,USV,1
2848.91967773438,45.3125,0.043212890625,7.8125,0.7164306640625,USV,1
2849.15966796875,45.3125,0.02392578125,6.25,0.747521162033081,USV,1
2849.3115234375,44.375,0.0400390625,12.1875,0.707207083702087,USV,1
2849.5546875,43.4375,0.048095703125,11.875,0.786101222038269,USV,1
2849.6474609375,44.6875,0.048095703125,10.3125,0.702082276344299,USV,1
2849.80590820312,43.75,0.043212890625,11.5625,0.847340404987335,USV,1
2849.88598632812,45,0.043212890625,10,0.796994686126709,USV,1
2850.21728515625,45,0.0400390625,9.6875,0.930904030799866,USV,1
2850.79956054688,44.375,0.04150390625,13.4375,0.785361111164093,USV,1
2851.01879882812,45,0.0400390625,10.9375,0.910006940364838,USV,1
2851.228515625,44.0625,0.0400390625,10.3125,0.891788065433502,USV,1
2851.68115234375,44.375,0.04150390625,11.25,0.78415060043335,USV,1
2852.5244140625,45.3125,0.043212890625,11.25,0.726476907730103,USV,1
2852.8251953125,44.0625,0.043212890625,12.8125,0.880164921283722,USV,1
2853.23486328125,44.6875,0.025634765625,8.4375,0.762144804000854,USV,1
2853.4365234375,44.0625,0.0400390625,12.8125,0.882085621356964,USV,1
2854.66528320312,44.0625,0.027099609375,10.625,0.774667680263519,USV,1
2854.865234375,43.4375,0.02392578125,11.25,0.813284158706665,USV,1
2855.0380859375,44.6875,0.02880859375,9.375,0.743395030498505,USV,1
2855.53881835938,45,0.025634765625,7.8125,0.751868307590485,USV,1
2903.99072265625,44.0625,0.04150390625,7.1875,0.73161381483078,USV,1
2904.20190429688,43.4375,0.02392578125,10.9375,0.738520681858063,USV,1
2904.59375,45.625,0.02880859375,5.3125,0.721179306507111,USV,1
2904.673828125,45.625,0.05126953125,8.4375,0.850466549396515,USV,1
2904.8291015625,45.3125,0.030517578125,6.5625,0.709318220615387,USV,1
2905.07055664062,45.3125,0.04150390625,6.875,0.795072019100189,USV,1
2905.16821289062,45.625,0.043212890625,10.3125,0.825287520885468,USV,1
2905.25952148438,43.125,0.052734375,13.4375,0.756381392478943,USV,1
2905.50415039062,44.0625,0.049560546875,12.8125,0.752440571784973,USV,1
2905.65771484375,44.6875,0.05126953125,11.25,0.711244761943817,USV,1
2905.74584960938,44.6875,0.043212890625,12.1875,0.778535604476929,USV,1
2906.19555664062,46.25,0.038330078125,8.125,0.939330458641052,USV,1
2906.50903320312,43.75,0.048095703125,12.5,0.782705426216125,USV,1
2906.6689453125,44.375,0.03369140625,15.9375,0.838836491107941,USV,1
2906.88012695312,44.6875,0.041748046875,10.9375,0.878985047340393,USV,1
2907.55224609375,43.4375,0.038330078125,13.125,0.718007862567902,USV,1
2908.06591796875,44.375,0.052734375,10,0.765384554862976,USV,1
2908.240234375,44.6875,0.05126953125,11.25,0.777948796749115,USV,1
2908.59375,44.375,0.0400390625,12.8125,0.809890925884247,USV,1
2908.73950195312,43.4375,0.036865234375,14.375,0.757101953029633,USV,1
2909.08032226562,43.125,0.043212890625,15.625,0.80411285161972,USV,1
2909.30737304688,42.8125,0.036865234375,18.75,0.766021132469177,USV,1
2909.92016601562,44.6875,0.02392578125,8.4375,0.783560752868652,USV,1
2910.28515625,43.75,0.027099609375,10.625,0.817729771137238,USV,1
2910.83862304688,45.3125,0.020751953125,9.0625,0.730640113353729,USV,1
2948.46801757812,44.6875,0.02880859375,10.3125,0.75404953956604,USV,1
2949.28076171875,44.6875,0.04150390625,12.1875,0.734262645244598,USV,1
2949.45678710938,44.6875,0.038330078125,9.6875,0.791849911212921,USV,1
2949.55590820312,44.375,0.025634765625,9.0625,0.808542191982269,USV,1
2949.89526367188,45.3125,0.0400390625,10.9375,0.813127458095551,USV,1
2950.00561523438,45.3125,0.03515625,15.9375,0.721182584762573,USV,1
2950.09033203125,43.75,0.048095703125,12.8125,0.784371018409729,USV,1
2950.18627929688,45,0.04150390625,10.9375,0.745883285999298,USV,1
2950.33203125,43.4375,0.038330078125,18.125,0.723963499069214,USV,1
2950.41845703125,45.3125,0.038330078125,9.6875,0.780056834220886,USV,1
2950.68383789062,44.0625,0.0400390625,13.4375,0.8209388256073,USV,1
2951.51123046875,45,0.031982421875,7.1875,0.725066721439362,USV,1
2951.8232421875,45,0.02392578125,5.3125,0.779516637325287,USV,1
2952.048828125,43.125,0.04150390625,8.4375,0.807504832744598,USV,1
2952.53686523438,45,0.02880859375,4.6875,0.758661270141602,USV,1
2952.85205078125,44.375,0.033447265625,5.9375,0.708831548690796,USV,1
4817.00634765625,45.3125,0.0400390625,8.4375,0.733801186084747,USV,1
4817.23388671875,45,0.0224609375,7.8125,0.769064128398895,USV,1
4817.41455078125,46.25,0.0224609375,5,0.719138503074646,USV,1
4817.541015625,45.9375,0.04296875,7.8125,0.814745187759399,USV,1
4818.47705078125,45.3125,0.04296875,9.375,0.785005867481232,USV,1
4818.67529296875,45.3125,0.02392578125,15,0.719341993331909,USV,1
4818.78564453125,44.6875,0.04150390625,9.6875,0.823056280612946,USV,1
4819.00830078125,44.6875,0.0498046875,8.75,0.866224467754364,USV,1
4819.4033203125,45,0.044921875,9.0625,0.79622745513916,USV,1
4819.576171875,44.375,0.03662109375,12.1875,0.825035512447357,USV,1
4819.70751953125,45,0.04638671875,11.25,0.708001315593719,USV,1
4820.08154296875,44.0625,0.0478515625,12.1875,0.784484624862671,USV,1
4820.982421875,44.6875,0.044921875,9.0625,0.811521708965302,USV,1
4821.16015625,44.375,0.05615234375,10,0.780429363250732,USV,1
4821.8115234375,44.375,0.0400390625,13.125,0.808610498905182,USV,1
4821.8671875,46.875,0.04150390625,15,0.700836658477783,USV,1
4821.94091796875,45.3125,0.03662109375,14.6875,0.824023604393005,USV,1
4822.2783203125,43.75,0.02099609375,19.0625,0.704378247261047,USV,1
4822.43212890625,45,0.02392578125,11.875,0.769397795200348,USV,1
4823.24169921875,44.6875,0.025390625,10.625,0.804287850856781,USV,1
4823.62744140625,45,0.025390625,11.25,0.70659464597702,USV,1
4883.6201171875,45.3125,0.0224609375,4.6875,0.736717700958252,USV,1
4884.25048828125,45.9375,0.0478515625,9.0625,0.725557565689087,USV,1
4884.43310546875,45,0.04150390625,10,0.719954371452332,USV,1
4884.587890625,45.625,0.04150390625,10.625,0.807867586612701,USV,1
4884.685546875,45.625,0.02392578125,5,0.746593952178955,USV,1
4884.828125,44.6875,0.0498046875,11.25,0.810921311378479,USV,1
4884.9306640625,45,0.04638671875,8.75,0.803609430789948,USV,1
4885.0390625,45,0.044921875,10,0.719207227230072,USV,1
4885.12890625,45,0.04150390625,10.9375,0.833067893981934,USV,1
4885.2744140625,44.6875,0.04150390625,15.625,0.769557952880859,USV,1
4886.39306640625,45.625,0.03857421875,10.625,0.812125563621521,USV,1
4886.5546875,45.3125,0.04296875,10.625,0.896072804927826,USV,1
4887.1689453125,45,0.03857421875,10.3125,0.785677850246429,USV,1
4887.42333984375,43.125,0.04150390625,19.375,0.860771417617798,USV,1
4887.60400390625,41.25,0.03515625,23.4375,0.756797969341278,USV,1
4887.78466796875,43.125,0.03857421875,19.6875,0.748554825782776,USV,1
4887.970703125,45.3125,0.0400390625,15,0.809220969676971,USV,1
4888.16748046875,44.375,0.0498046875,12.1875,0.819758296012878,USV,1
4888.3642578125,44.0625,0.04296875,10,0.850895345211029,USV,1
4888.615234375,44.6875,0.04296875,10,0.761825859546661,USV,1
4888.8154296875,44.6875,0.03662109375,5,0.804426610469818,USV,1
4889.58642578125,44.6875,0.02880859375,7.8125,0.745705425739288,USV,1
4913.6669921875,44.6875,0.04638671875,9.375,0.735286712646484,USV,1
4913.83642578125,46.875,0.02734375,8.125,0.714304685592651,USV,1
4914.3564453125,45,0.025390625,7.5,0.757655084133148,USV,1
4914.58349609375,44.6875,0.04296875,7.1875,0.746613025665283,USV,1
4914.71826171875,41.875,0.0400390625,23.75,0.751029074192047,USV,1
4914.802734375,43.4375,0.04638671875,11.25,0.733716130256653,USV,1
4915.11328125,44.6875,0.04296875,8.75,0.798787176609039,USV,1
4915.20751953125,44.0625,0.0478515625,10.625,0.859815537929535,USV,1
4915.439453125,43.75,0.02880859375,11.875,0.707126617431641,USV,1
4915.68115234375,44.375,0.05126953125,11.5625,0.710053622722626,USV,1
4916.5947265625,43.4375,0.02392578125,13.4375,0.806857049465179,USV,1
4916.82861328125,44.375,0.02099609375,9.375,0.803886115550995,USV,1
4917.12451171875,44.6875,0.03662109375,11.25,0.807570040225983,USV,1
4917.38525390625,45,0.04296875,10.625,0.728075623512268,USV,1
4917.466796875,45,0.0322265625,15,0.757695734500885,USV,1
4918.0029296875,46.25,0.03857421875,20.625,0.739684164524078,USV,1
4918.0732421875,48.125,0.02734375,8.75,0.749788761138916,USV,1
4918.1259765625,47.5,0.03076171875,11.25,0.762577533721924,USV,1
4918.990234375,45.625,0.04296875,10.3125,0.888032674789429,USV,1
4919.935546875,43.75,0.0302734375,6.5625,0.742726027965546,USV,1
4920.18359375,43.75,0.0400390625,7.5,0.790538787841797,USV,1
4920.8427734375,45.3125,0.0224609375,6.25,0.722884237766266,USV,1
4967.89453125,44.6875,0.03662109375,11.25,0.744053781032562,USV,1
4968.02734375,44.375,0.0400390625,11.875,0.704522252082825,USV,1
4968.11376953125,45.625,0.03857421875,9.6875,0.72700047492981,USV,1
4968.248046875,43.4375,0.04638671875,13.75,0.751393973827362,USV,1
4968.61474609375,44.375,0.03662109375,14.0625,0.708177447319031,USV,1
5010.6630859375,45.625,0.02880859375,5.625,0.741161108016968,USV,1
5011.392578125,45.9375,0.025390625,8.125,0.733519375324249,USV,1
5011.63427734375,43.75,0.025390625,12.8125,0.804660022258759,USV,1
5011.72412109375,44.375,0.03173828125,9.6875,0.758548974990845,USV,1
5011.81982421875,44.6875,0.052734375,10.3125,0.804943203926086,USV,1
5011.91748046875,45.3125,0.04296875,7.1875,0.880512118339539,USV,1
5012.75732421875,45,0.0498046875,10.9375,0.826420545578003,USV,1
5013.43603515625,45,0.04638671875,10.625,0.902461886405945,USV,1
5014.05517578125,45.3125,0.025390625,8.75,0.730862855911255,USV,1
5014.1318359375,44.6875,0.04345703125,16.25,0.701730906963348,USV,1
5015.39599609375,44.6875,0.04638671875,9.6875,0.810656726360321,USV,1
5016.36572265625,45.625,0.03369140625,9.0625,0.754866123199463,USV,1
5040.26025390625,48.4375,0.025390625,7.5,0.719773650169373,USV,1
5041.041015625,44.6875,0.03369140625,10.3125,0.87591826915741,USV,1
5041.26171875,44.6875,0.052734375,7.8125,0.781594395637512,USV,1
5041.55810546875,44.0625,0.04638671875,6.875,0.794394552707672,USV,1
5043.62841796875,43.125,0.03662109375,21.5625,0.770625293254852,USV,1
5043.95166015625,40.625,0.03857421875,18.4375,0.703242123126984,USV,1
5044.25048828125,44.0625,0.0400390625,16.5625,0.777758002281189,USV,1
5044.3544921875,45.3125,0.025390625,6.5625,0.76991194486618,USV,1
5044.67333984375,44.6875,0.0478515625,11.5625,0.728612184524536,USV,1
5044.98828125,45.625,0.03515625,13.75,0.739394128322601,USV,1
5045.32421875,48.125,0.04296875,11.875,0.709035515785217,USV,1
5045.4140625,47.5,0.0224609375,11.25,0.81828248500824,USV,1
5045.494140625,47.5,0.04296875,14.6875,0.819137871265411,USV,1
5045.634765625,49.375,0.01904296875,6.25,0.794274091720581,USV,1
5045.75146484375,45,0.03857421875,14.6875,0.842543363571167,USV,1
5046.08251953125,42.5,0.05126953125,15,0.803093433380127,USV,1
5046.51318359375,42.5,0.0478515625,11.25,0.751277923583984,USV,1
5047.076171875,42.8125,0.05615234375,8.125,0.725464105606079,USV,1
5047.18359375,43.75,0.044921875,5.3125,0.741275548934937,USV,1
5047.5341796875,44.375,0.0322265625,5.625,0.723539710044861,USV,1
5083.79052734375,45.9375,0.0322265625,5.9375,0.727043926715851,USV,1
5084.193359375,45.3125,0.03662109375,8.4375,0.740016877651215,USV,1
5084.28173828125,44.375,0.0224609375,11.25,0.774559259414673,USV,1
5084.388671875,44.375,0.0400390625,12.5,0.76080858707428,USV,1
5084.58740234375,44.6875,0.03857421875,9.6875,0.703929007053375,USV,1
5151.76220703125,45.625,0.044921875,9.375,0.844940662384033,USV,1
5151.9189453125,45.3125,0.0400390625,8.4375,0.760005950927734,USV,1
5152.01025390625,44.6875,0.04296875,11.25,0.727956175804138,USV,1
5152.109375,44.375,0.056640625,9.0625,0.765599608421326,USV,1
5152.359375,44.6875,0.05126953125,10,0.829821884632111,USV,1
5152.5078125,44.375,0.044921875,12.1875,0.725242376327515,USV,1
5152.6025390625,45.625,0.044921875,9.6875,0.789030373096466,USV,1
5152.6982421875,45.3125,0.0400390625,10.3125,0.8220134973526,USV,1
5152.8359375,45.625,0.044921875,9.375,0.783882856369019,USV,1
5153.2744140625,44.0625,0.04638671875,13.125,0.74542236328125,USV,1
5153.44873046875,44.375,0.03662109375,12.1875,0.850156843662262,USV,1
5153.7880859375,45.3125,0.0400390625,9.375,0.885387778282166,USV,1
5153.95263671875,44.375,0.03515625,10.9375,0.880146145820618,USV,1
5154.1064453125,46.25,0.0400390625,13.125,0.736052513122559,USV,1
5154.251953125,46.25,0.0224609375,12.8125,0.820408046245575,USV,1
5154.40869140625,47.5,0.044921875,9.6875,0.788599252700806,USV,1
5154.4873046875,44.6875,0.04638671875,11.5625,0.722910284996033,USV,1
5154.6806640625,45.3125,0.0224609375,9.0625,0.848579585552216,USV,1
5154.9990234375,45,0.0224609375,15.9375,0.766871452331543,USV,1
5155.25830078125,44.6875,0.02392578125,9.6875,0.75501561164856,USV,1
5155.54150390625,44.6875,0.044921875,10,0.824911534786224,USV,1
5155.84423828125,43.4375,0.06103515625,11.875,0.929242670536041,USV,1
5156.27294921875,44.6875,0.02734375,5.3125,0.72017502784729,USV,1
5156.47900390625,45.3125,0.0322265625,5,0.740594983100891,USV,1
5156.92724609375,45.625,0.044921875,9.375,0.733610033988953,USV,1
5157.03125,43.75,0.02880859375,10.3125,0.713696658611298,USV,1
5166.52880859375,45.625,0.0302734375,9.375,0.747537612915039,USV,1
5167.38818359375,45,0.025390625,10.3125,0.797578811645508,USV,1
5167.47314453125,44.0625,0.04150390625,11.5625,0.792260646820068,USV,1
5167.56884765625,45.9375,0.0400390625,10.3125,0.858832001686096,USV,1
5167.66796875,45.3125,0.044921875,10.3125,0.745508790016174,USV,1
5167.76904296875,44.6875,0.03857421875,11.875,0.82253509759903,USV,1
5167.96728515625,45.625,0.04638671875,9.6875,0.852802515029907,USV,1
5168.0634765625,44.0625,0.0400390625,19.0625,0.738801002502441,USV,1
5168.1611328125,45.9375,0.0400390625,9.6875,0.790184438228607,USV,1
5168.314453125,45.3125,0.044921875,10.625,0.819217920303345,USV,1
5168.404296875,44.0625,0.03515625,11.25,0.749019265174866,USV,1
5168.7255859375,43.125,0.0498046875,12.1875,0.886717915534973,USV,1
5169.4248046875,46.5625,0.02392578125,8.125,0.701007187366486,USV,1
5169.8251953125,45.3125,0.0478515625,9.0625,0.730382561683655,USV,1
5171.75,44.0625,0.04150390625,5.9375,0.735905945301056,USV,1
5209.04931640625,45,0.03662109375,9.375,0.878513932228088,USV,1
5209.396484375,45,0.03662109375,10.9375,0.764363348484039,USV,1
5209.5869140625,45,0.04296875,10.625,0.733130872249603,USV,1
5210.10888671875,44.375,0.04296875,13.4375,0.740233838558197,USV,1
5210.37255859375,44.6875,0.03662109375,10.9375,0.864533305168152,USV,1
5210.751953125,44.375,0.03857421875,12.8125,0.782803654670715,USV,1
5210.9150390625,44.375,0.0400390625,11.5625,0.79029107093811,USV,1
5211.55517578125,43.75,0.052734375,11.25,0.731751918792725,USV,1
5212.1904296875,44.375,0.0400390625,11.25,0.908121824264526,USV,1
5212.2783203125,42.8125,0.0224609375,20,0.8239426612854,USV,1
5212.75048828125,42.8125,0.0400390625,16.5625,0.704905927181244,USV,1
5214.19189453125,44.0625,0.0224609375,11.875,0.824706852436066,USV,1
5214.283203125,42.8125,0.0224609375,13.125,0.754106223583221,USV,1
5214.4765625,44.0625,0.0322265625,10.3125,0.79222297668457,USV,1
5214.68798828125,43.75,0.02734375,10.3125,0.759947836399078,USV,1
5215.06396484375,44.6875,0.0302734375,10.3125,0.811123609542847,USV,1
5240.603515625,44.0625,0.025390625,8.75,0.744184374809265,USV,1
5240.8896484375,45,0.029296875,7.1875,0.783898234367371,USV,1
5241.04638671875,45.625,0.02734375,5.625,0.781846344470978,USV,1
5241.4482421875,46.5625,0.02734375,5.3125,0.734932541847229,USV,1
5241.5859375,45,0.0478515625,8.75,0.858198046684265,USV,1
5241.68798828125,43.75,0.044921875,11.875,0.703522205352783,USV,1
5241.88037109375,44.6875,0.04150390625,11.25,0.795421421527863,USV,1
5242.03076171875,45,0.0400390625,8.75,0.775970101356506,USV,1
5242.13623046875,43.75,0.04443359375,12.8125,0.710961282253265,USV,1
5242.2978515625,44.6875,0.044921875,10.625,0.908886969089508,USV,1
5242.38916015625,45,0.04638671875,10.3125,0.750046908855438,USV,1
5242.48486328125,44.375,0.0498046875,18.4375,0.747468709945679,USV,1
5242.62890625,45.3125,0.0400390625,11.25,0.762965261936188,USV,1
5242.974609375,43.4375,0.04296875,12.5,0.824633538722992,USV,1
5243.1923828125,44.6875,0.03857421875,11.25,0.807543754577637,USV,1
5243.8369140625,44.0625,0.044921875,10.625,0.802236437797546,USV,1
5244.0595703125,44.375,0.04150390625,12.8125,0.798843741416931,USV,1
5244.34912109375,46.5625,0.04150390625,15.9375,0.739272654056549,USV,1
5244.50927734375,45,0.03857421875,17.5,0.786875367164612,USV,1
5244.67724609375,42.8125,0.03662109375,20,0.705708205699921,USV,1
5245.0224609375,43.125,0.03662109375,20.625,0.784752726554871,USV,1
5245.6865234375,42.5,0.0478515625,14.0625,0.806196272373199,USV,1
5245.90087890625,45,0.03857421875,9.6875,0.785777270793915,USV,1
5246.107421875,44.375,0.04345703125,10.3125,0.80330502986908,USV,1
5246.90771484375,44.6875,0.044921875,10.9375,0.790009021759033,USV,1
5247.09130859375,44.0625,0.0400390625,7.1875,0.744890153408051,USV,1
5247.169921875,44.375,0.04150390625,9.6875,0.81207948923111,USV,1
5266.79736328125,45,0.03662109375,11.5625,0.770386099815369,USV,1
5267.3701171875,43.75,0.0400390625,13.4375,0.707309067249298,USV,1
5267.53662109375,45.625,0.044921875,9.0625,0.806946635246277,USV,1
5267.861328125,45.3125,0.0322265625,5.625,0.76608008146286,USV,1
5267.951171875,45,0.04150390625,9.375,0.780731439590454,USV,1
5268.4599609375,44.0625,0.03662109375,12.5,0.730845987796783,USV,1
5268.74462890625,44.6875,0.03662109375,11.875,0.736090123653412,USV,1
5268.91552734375,44.6875,0.03857421875,10.3125,0.790143668651581,USV,1
5269.18115234375,44.0625,0.0400390625,11.5625,0.770321786403656,USV,1
5269.3623046875,45.9375,0.02734375,8.4375,0.710053443908691,USV,1
5270.11572265625,44.6875,0.0400390625,10.9375,0.711023807525635,USV,1
5271.07080078125,42.8125,0.0400390625,7.1875,0.774210095405579,USV,1
5303.384765625,45.625,0.03857421875,9.6875,0.73509681224823,USV,1
5303.46484375,45.625,0.03662109375,7.8125,0.797157526016235,USV,1
5303.58642578125,43.4375,0.0478515625,11.875,0.798423588275909,USV,1
5303.67138671875,45.3125,0.02685546875,9.375,0.704982340335846,USV,1
5304.00244140625,45.3125,0.02880859375,10.625,0.765271961688995,USV,1
5358.04296875,44.6875,0.01904296875,16.5625,0.748117983341217,USV,1
5358.20166015625,45,0.02734375,10,0.787097811698914,USV,1
5358.90576171875,44.375,0.04150390625,11.5625,0.727559924125671,USV,1
5359.07373046875,44.6875,0.03369140625,11.25,0.853147506713867,USV,1
5359.4287109375,46.5625,0.02392578125,14.0625,0.744050085544586,USV,1
5361.35986328125,45,0.04150390625,9.375,0.744991183280945,USV,1
5361.56494140625,43.75,0.0400390625,10,0.850973010063171,USV,1
5361.75341796875,44.0625,0.044921875,11.25,0.771340429782867,USV,1
5361.94580078125,44.0625,0.04150390625,10,0.86353063583374,USV,1
5362.19384765625,44.6875,0.03662109375,11.5625,0.823092877864838,USV,1
5364.17138671875,44.6875,0.02734375,10.9375,0.78462028503418,USV,1
5364.62109375,43.75,0.03857421875,14.6875,0.740329027175903,USV,1
5364.9150390625,46.5625,0.03662109375,13.4375,0.73783266544342,USV,1
5365.12646484375,49.375,0.02099609375,5.9375,0.813924670219421,USV,1
5366.37939453125,44.375,0.05615234375,10.3125,0.783549427986145,USV,1
5366.6640625,44.375,0.0478515625,10.625,0.753336250782013,USV,1
5368.91552734375,44.6875,0.03515625,16.875,0.762091994285583,USV,1
5369.2080078125,43.125,0.03662109375,13.4375,0.867822110652924,USV,1
5369.4306640625,45,0.0224609375,10.625,0.833516478538513,USV,1
5369.50390625,44.6875,0.044921875,8.75,0.706281363964081,USV,1
5369.60009765625,44.6875,0.044921875,11.875,0.708618879318237,USV,1
5369.6767578125,44.375,0.046875,12.1875,0.743648946285248,USV,1
5369.86572265625,45,0.044921875,11.25,0.932183980941772,USV,1
5370.4833984375,44.375,0.04638671875,10.625,0.764732718467712,USV,1
5370.7939453125,43.75,0.02734375,10.3125,0.793196082115173,USV,1
5370.98095703125,43.4375,0.03662109375,19.0625,0.712155520915985,USV,1
5371.177734375,45.625,0.04150390625,8.4375,0.714130640029907,USV,1
5373.2001953125,45.9375,0.02880859375,9.375,0.743605971336365,USV,1
5373.611328125,46.25,0.02392578125,15.3125,0.827401638031006,USV,1
5373.80517578125,44.375,0.025390625,10.9375,0.819259285926819,USV,1
5373.89599609375,45.625,0.02734375,7.5,0.828094840049744,USV,1
5374.37939453125,44.375,0.0224609375,11.25,0.749422073364258,USV,1
5374.45458984375,44.6875,0.04296875,9.375,0.715158581733704,USV,1
5375.59375,43.4375,0.02734375,10.625,0.812103867530823,USV,1
5376.06591796875,43.4375,0.03857421875,7.8125,0.765293180942535,USV,1
5408.1796875,45.9375,0.0224609375,8.75,0.708510041236877,USV,1
5408.41796875,45.9375,0.02880859375,7.8125,0.73769199848175,USV,1
5408.57177734375,45.3125,0.02734375,10.625,0.799170196056366,USV,1
5409.02294921875,44.6875,0.03662109375,11.875,0.743832767009735,USV,1
5409.37158203125,44.6875,0.03857421875,11.875,0.743924856185913,USV,1
5410.37353515625,45.3125,0.03515625,10.625,0.858880639076233,USV,1
5410.763671875,45.3125,0.0498046875,10.3125,0.776651680469513,USV,1
5410.99560546875,43.125,0.05126953125,20,0.719183802604675,USV,1
5412.0390625,45.625,0.02099609375,13.75,0.708815515041351,USV,1
5412.27099609375,41.5625,0.03662109375,22.1875,0.757654011249542,USV,1
5412.427734375,44.0625,0.04296875,14.0625,0.730697691440582,USV,1
5412.50634765625,43.75,0.04345703125,11.25,0.76670640707016,USV,1
5412.58642578125,45,0.02734375,11.25,0.713369905948639,USV,1
5413.294921875,44.0625,0.025390625,10.9375,0.721074819564819,USV,1
5413.4853515625,46.5625,0.01904296875,8.75,0.736084043979645,USV,1
5414.11572265625,43.75,0.02734375,9.6875,0.710013151168823,USV,1
8126.13134765625,26.875,0.02880859375,4.6875,0.732272028923035,USV,1
8336.1162109375,27.1875,0.02734375,4.375,0.70962518453598,USV,1
