locationName,total_observations,timestamps
flevopark_1,184,1633021401.5625
flevopark_1,184,1637859374.28125
flevopark_1,184,1637860665.1074219
flevopark_1,184,1637985738.8656158
flevopark_1,184,1637987549.267456
flevopark_1,184,1637989653.786377
flevopark_1,184,1637990908.911621
flevopark_1,184,1637992849.322754
flevopark_1,184,1633065842.5387115
flevopark_1,184,1633067295.7033691
flevopark_1,184,1633070789.9091797
flevopark_1,184,1633011149.3479004
flevopark_1,184,1633012368.7541504
flevopark_1,184,1637858058.2548828
flevopark_1,184,1633575636.4422379
flevopark_1,184,1632897091.5683594
flevopark_1,184,1632895614.4731445
flevopark_1,184,1632894010.0910645
flevopark_1,184,1632985123.7456055
flevopark_1,184,1632982130.3781738
flevopark_1,184,1638164112.1274414
flevopark_1,184,1638037531.5107422
flevopark_1,184,1633615208.3962774
flevopark_1,184,1633356006.8465323
flevopark_1,184,1633528885.3540955
flevopark_1,184,1632940659.3339844
flevopark_1,184,1632939272.135254
flevopark_1,184,1632898527.809082
flevopark_1,184,1637856832.3554688
flevopark_1,184,1637855615.1047363
flevopark_1,184,1637854411.4122314
flevopark_1,184,1632847445.613037
flevopark_1,184,1632848651.7695312
flevopark_1,184,1632849854.5673828
flevopark_1,184,1632851066.9433594
flevopark_1,184,1632852339.0234375
flevopark_1,184,1632853560.9228516
flevopark_1,184,1632854765.2539062
flevopark_1,184,1633018990.073604
flevopark_1,184,1633020198.6828613
flevopark_1,184,1633022603.5893555
flevopark_1,184,1633023810.3105469
flevopark_1,184,1633025034.4174805
flevopark_1,184,1633026244.1723633
flevopark_1,184,1633027466.4267578
flevopark_1,184,1637904521.6972656
flevopark_1,184,1633027592.1688185
flevopark_1,184,1633028792.2198486
flevopark_1,184,1633030000.5803223
flevopark_1,184,1633031210.1535645
flevopark_1,184,1632837731.56633
flevopark_1,184,1632839457.154419
flevopark_1,184,1632841296.487793
flevopark_1,184,1632843028.5927734
flevopark_1,184,1632844268.6826172
flevopark_1,184,1632845470.0083008
flevopark_1,184,1633316696.388092
flevopark_1,184,1637852458.6934853
flevopark_1,184,1632938056.6298828
flevopark_1,184,1632846190.4752088
flevopark_1,184,1632936686.8378906
flevopark_1,184,1632934158.1542969
flevopark_1,184,1632888179.0151367
flevopark_1,184,1632886457.9904785
flevopark_1,184,1632884646.1164703
flevopark_1,184,1633148266.3095703
flevopark_1,184,1633146761.0319824
flevopark_1,184,1633145244.8656006
flevopark_1,184,1633143933.6594849
flevopark_1,184,1633064680.925293
flevopark_1,184,1633063058.3129883
flevopark_1,184,1633061134.1850586
flevopark_1,184,1633059350.3737793
flevopark_1,184,1633057470.6607666
flevopark_1,184,1632889657.2963867
flevopark_1,184,1638073663.0753174
flevopark_1,184,1633103866.7685547
flevopark_1,184,1633102616.8261719
flevopark_1,184,1633101071.0771484
flevopark_1,184,1633098611.1602783
flevopark_1,184,1633096878.8793182
flevopark_1,184,1637787569.4228516
flevopark_1,184,1637785787.0136719
flevopark_1,184,1637784436.9300537
flevopark_1,184,1633269930.5889282
flevopark_1,184,1633018444.0698242
flevopark_1,184,1633017226.7578125
flevopark_1,184,1633016025.9760742
flevopark_1,184,1633105101.0585938
flevopark_1,184,1632892467.9243164
flevopark_1,184,1637939210.8175964
flevopark_1,184,1637940998.2958984
flevopark_1,184,1632932859.6399536
flevopark_1,184,1632945035.0471191
flevopark_1,184,1632943624.2011719
flevopark_1,184,1632942413.9957275
flevopark_1,184,1632941200.0973625
flevopark_1,184,1637820166.5351562
flevopark_1,184,1637818799.0986328
flevopark_1,184,1637815129.0927734
flevopark_1,184,1633112771.0795898
flevopark_1,184,1633111559.9516602
flevopark_1,184,1633110358.0322266
flevopark_1,184,1633109152.4614258
flevopark_1,184,1633107934.456787
flevopark_1,184,1633106671.6292725
flevopark_1,184,1633105461.1096268
flevopark_1,184,1638331287.3061523
flevopark_1,184,1638120842.7163696
flevopark_1,184,1632931090.6523438
flevopark_1,184,1632929882.586914
flevopark_1,184,1632928658.0957031
flevopark_1,184,1632927457.2817383
flevopark_1,184,1632926189.2702637
flevopark_1,184,1632924722.0484009
flevopark_1,184,1638112174.697876
flevopark_1,184,1637945218.1225586
flevopark_1,184,1637943732.8032227
flevopark_1,184,1637942399.043457
flevopark_1,184,1632935480.4223633
flevopark_1,184,1633014808.2304688
flevopark_1,184,1633748445.6769485
flevopark_1,184,1637870548.7409668
flevopark_1,184,1632975394.0839844
flevopark_1,184,1632974185.7001953
flevopark_1,184,1632972567.3934326
flevopark_1,184,1632970977.7252655
flevopark_1,184,1632858400.5112305
flevopark_1,184,1632857185.9536133
flevopark_1,184,1632855983.1264648
flevopark_1,184,1632854781.6512854
flevopark_1,184,1637773610.5
flevopark_1,184,1637772201.984375
flevopark_1,184,1637769517.6938477
flevopark_1,184,1637768285.668213
flevopark_1,184,1637766308.4916077
flevopark_1,184,1632976679.7050781
flevopark_1,184,1637912450.4663086
flevopark_1,184,1637909492.8927002
flevopark_1,184,1637908087.7065735
flevopark_1,184,1637782321.1362305
flevopark_1,184,1637780623.6782227
flevopark_1,184,1637779234.182129
flevopark_1,184,1637776468.036255
flevopark_1,184,1637774969.8476257
flevopark_1,184,1638086211.3735352
flevopark_1,184,1638084586.385498
flevopark_1,184,1638172177.334961
flevopark_1,184,1638170075.3688965
flevopark_1,184,1638167025.4370232
flevopark_1,184,1637872834.2751465
flevopark_1,184,1637911019.657959
flevopark_1,184,1637951271.6547852
flevopark_1,184,1633013605.5732422
flevopark_1,184,1637954230.6923828
flevopark_1,184,1637952769.5170898
flevopark_1,184,1633116411.8115234
flevopark_1,184,1633115208.8562012
flevopark_1,184,1633113991.610364
flevopark_1,184,1638205534.790039
flevopark_1,184,1638204188.4594727
flevopark_1,184,1638202877.5512695
flevopark_1,184,1638201598.8962402
flevopark_1,184,1638200211.9282227
flevopark_1,184,1638198693.8048706
flevopark_1,184,1638032722.6972656
flevopark_1,184,1638027866.0517578
flevopark_1,184,1638026531.50354
flevopark_1,184,1638025258.4182854
flevopark_1,184,1633117614.1074219
flevopark_1,184,1637823719.041748
flevopark_1,184,1637825001.8137207
flevopark_1,184,1637862441.2504883
flevopark_1,184,1637863708.1867676
flevopark_1,184,1637864911.2392578
flevopark_1,184,1637866635.4736328
flevopark_1,184,1633183321.1527176
flevopark_1,184,1637868834.3969727
flevopark_1,184,1637994220.843174
flevopark_1,184,1637995921.3261719
flevopark_1,184,1637861119.6575012
flevopark_1,184,1637999000.7973633
flevopark_1,184,1637822460.5704346
flevopark_1,184,1633402940.9740906
flevopark_10,62,1637999526.0673828
flevopark_10,62,1637944199.9042969
flevopark_10,62,1637996380.2490234
flevopark_10,62,1637820465.1259766
flevopark_10,62,1638075466.8754883
flevopark_10,62,1638045718.666504
flevopark_10,62,1638113111.6224365
flevopark_10,62,1638117678.8549805
flevopark_10,62,1638072727.08844
flevopark_10,62,1637939228.328186
flevopark_10,62,1638079275.2797852
flevopark_10,62,1638044475.3134766
flevopark_10,62,1638167318.2297363
flevopark_10,62,1637779407.0063477
flevopark_10,62,1637910324.5373535
flevopark_10,62,1637909029.28479
flevopark_10,62,1637907826.0418434
flevopark_10,62,1637782716.1313477
flevopark_10,62,1637777004.8649902
flevopark_10,62,1637775794.2028809
flevopark_10,62,1637774593.894446
flevopark_10,62,1637993654.4824219
flevopark_10,62,1638032432.4936523
flevopark_10,62,1638030900.4677734
flevopark_10,62,1638028833.6711426
flevopark_10,62,1637853297.1688232
flevopark_10,62,1638027604.46167
flevopark_10,62,1637912781.428711
flevopark_10,62,1637855091.9384766
flevopark_10,62,1638038871.0078125
flevopark_10,62,1637857538.8295898
flevopark_10,62,1637786829.3676758
flevopark_10,62,1637905873.928711
flevopark_10,62,1637904661.2460938
flevopark_10,62,1637903453.284668
flevopark_10,62,1637902247.6835938
flevopark_10,62,1637900747.3891602
flevopark_10,62,1637773274.6254883
flevopark_10,62,1637770912.340332
flevopark_10,62,1637769599.2819824
flevopark_10,62,1638246287.204834
flevopark_10,62,1637868161.8613281
flevopark_10,62,1637866890.8544922
flevopark_10,62,1637864086.4472656
flevopark_10,62,1637856337.1242676
flevopark_10,62,1637862555.845459
flevopark_10,62,1638120357.637146
flevopark_10,62,1638037128.7861328
flevopark_10,62,1638035053.6643066
flevopark_10,62,1637872924.1982422
flevopark_10,62,1637871228.0014648
flevopark_10,62,1637869977.6637573
flevopark_10,62,1637959111.8652344
flevopark_10,62,1638204671.8232422
flevopark_10,62,1638202935.6445312
flevopark_10,62,1638200616.4609375
flevopark_10,62,1638198988.5394897
flevopark_10,62,1637860074.0732422
flevopark_10,62,1637858850.4560547
flevopark_10,62,1637861066.6152954
flevopark_10,62,1637907098.397461
flevopark_10,62,1637822741.1401367
flevopark_11,146,1638128921.577591
flevopark_11,146,1638172415.4609375
flevopark_11,146,1638170794.6203613
flevopark_11,146,1638169567.7875977
flevopark_11,146,1638168320.673462
flevopark_11,146,1638167006.2520294
flevopark_11,146,1637993590.1298828
flevopark_11,146,1637992371.699707
flevopark_11,146,1637990979.7138672
flevopark_11,146,1637989729.2832031
flevopark_11,146,1637988179.2316895
flevopark_11,146,1637986209.3046875
flevopark_11,146,1637787298.8637695
flevopark_11,146,1637785924.9143066
flevopark_11,146,1637784657.1914062
flevopark_11,146,1637783222.0044556
flevopark_11,146,1637782768.0390625
flevopark_11,146,1637781399.6518555
flevopark_11,146,1637779468.5288086
flevopark_11,146,1637778259.4267578
flevopark_11,146,1637777018.769043
flevopark_11,146,1637775813.1102295
flevopark_11,146,1637774605.924986
flevopark_11,146,1637946830.2631836
flevopark_11,146,1637945622.3032227
flevopark_11,146,1637943976.260254
flevopark_11,146,1637941662.38208
flevopark_11,146,1637940330.3969727
flevopark_11,146,1637869692.020378
flevopark_11,146,1637871208.432129
flevopark_11,146,1637872497.5100098
flevopark_11,146,1637873782.4262695
flevopark_11,146,1638033897.6028595
flevopark_11,146,1637959813.0634766
flevopark_11,146,1637958028.6079102
flevopark_11,146,1637956119.9134827
flevopark_11,146,1638085841.9575195
flevopark_11,146,1638084344.0385742
flevopark_11,146,1638082152.2374268
flevopark_11,146,1638080671.21698
flevopark_11,146,1637907069.1235352
flevopark_11,146,1637905042.0297852
flevopark_11,146,1637903833.1259766
flevopark_11,146,1637902412.8325195
flevopark_11,146,1637901182.173462
flevopark_11,146,1637938900.6539764
flevopark_11,146,1637899738.263855
flevopark_11,146,1637953394.7993164
flevopark_11,146,1637952144.3706055
flevopark_11,146,1637949962.0187988
flevopark_11,146,1637948265.6870117
flevopark_11,146,1637912715.1420898
flevopark_11,146,1637911015.8112793
flevopark_11,146,1637909592.147916
flevopark_11,146,1637907797.3507757
flevopark_11,146,1638045151.4040527
flevopark_11,146,1638043885.487793
flevopark_11,146,1638042574.6036072
flevopark_11,146,1638132721.331543
flevopark_11,146,1638130181.7703857
flevopark_11,146,1637954977.881836
flevopark_11,146,1638331288.072998
flevopark_11,146,1638079935.708496
flevopark_11,146,1638078615.7475586
flevopark_11,146,1637863946.7416992
flevopark_11,146,1637862327.0523682
flevopark_11,146,1637861078.530632
flevopark_11,146,1638128471.7392578
flevopark_11,146,1638127171.2827148
flevopark_11,146,1638125755.703125
flevopark_11,146,1638124528.8745117
flevopark_11,146,1638123273.7351074
flevopark_11,146,1638121768.4968262
flevopark_11,146,1638120413.869812
flevopark_11,146,1637860267.005371
flevopark_11,146,1637858993.3120117
flevopark_11,146,1637857651.4355469
flevopark_11,146,1637865172.3911133
flevopark_11,146,1637856412.9587402
flevopark_11,146,1637854004.8426514
flevopark_11,146,1637852473.6520538
flevopark_11,146,1638211750.9526367
flevopark_11,146,1638210550.074707
flevopark_11,146,1638209162.8032227
flevopark_11,146,1638207874.4550781
flevopark_11,146,1638206644.4131165
flevopark_11,146,1638119924.8984375
flevopark_11,146,1638118385.9892578
flevopark_11,146,1638116480.333496
flevopark_11,146,1638115272.3740234
flevopark_11,146,1638113604.3544922
flevopark_11,146,1638112249.5483398
flevopark_11,146,1637855209.7895508
flevopark_11,146,1638035395.7563477
flevopark_11,146,1637866882.1708984
flevopark_11,146,1637869412.0195312
flevopark_11,146,1638077083.5009766
flevopark_11,146,1638075356.4902344
flevopark_11,146,1638073572.8614502
flevopark_11,146,1638072107.7356567
flevopark_11,146,1638206306.116211
flevopark_11,146,1638204748.9711914
flevopark_11,146,1638203544.3398438
flevopark_11,146,1638202284.4833984
flevopark_11,146,1638200629.4257812
flevopark_11,146,1638199391.9777832
flevopark_11,146,1638198044.826126
flevopark_11,146,1637999073.0874023
flevopark_11,146,1637997117.2248535
flevopark_11,146,1637868155.4995117
flevopark_11,146,1637995811.8356934
flevopark_11,146,1638165787.2714844
flevopark_11,146,1638164529.4199219
flevopark_11,146,1638163307.5947266
flevopark_11,146,1638161330.496582
flevopark_11,146,1638159844.154419
flevopark_11,146,1638158596.087082
flevopark_11,146,1637820803.512207
flevopark_11,146,1637819600.2729492
flevopark_11,146,1637818392.3100586
flevopark_11,146,1637817184.3520508
flevopark_11,146,1637815983.4675293
flevopark_11,146,1637814773.4677734
flevopark_11,146,1637813135.8055115
flevopark_11,146,1637994474.6082764
flevopark_11,146,1638037622.9343262
flevopark_11,146,1638026788.0616455
flevopark_11,146,1638041263.3320312
flevopark_11,146,1638039942.118164
flevopark_11,146,1637825339.0583496
flevopark_11,146,1637824055.5856934
flevopark_11,146,1637822847.6448975
flevopark_11,146,1637821580.6978302
flevopark_11,146,1637774288.2197266
flevopark_11,146,1637773001.2944336
flevopark_11,146,1637771463.6030273
flevopark_11,146,1637770260.3598633
flevopark_11,146,1637826849.0083008
flevopark_11,146,1637767636.8206787
flevopark_11,146,1637768895.592041
flevopark_11,146,1638028029.0488281
flevopark_11,146,1638029638.0966797
flevopark_11,146,1638025582.4588623
flevopark_11,146,1638284578.593567
flevopark_11,146,1637766031.211563
flevopark_11,146,1638032667.4375
flevopark_12,169,1637819314.541504
flevopark_12,169,1637820583.8330078
flevopark_12,169,1637947578.8726044
flevopark_12,169,1637948784.4689941
flevopark_12,169,1637950079.729004
flevopark_12,169,1637952565.8603516
flevopark_12,169,1637955581.604004
flevopark_12,169,1637994730.6550903
flevopark_12,169,1637997544.0004883
flevopark_12,169,1637998759.053711
flevopark_12,169,1637999959.9189453
flevopark_12,169,1637869695.8670502
flevopark_12,169,1637870917.9803467
flevopark_12,169,1637872248.6193848
flevopark_12,169,1637873609.939209
flevopark_12,169,1638199325.6569824
flevopark_12,169,1637939982.237793
flevopark_12,169,1637996031.6887207
flevopark_12,169,1638200531.2641602
flevopark_12,169,1638085568.2426758
flevopark_12,169,1638202951.8979492
flevopark_12,169,1638114212.7888184
flevopark_12,169,1638113004.8308105
flevopark_12,169,1638111792.0694275
flevopark_12,169,1637868432.6577148
flevopark_12,169,1637867144.487793
flevopark_12,169,1637865917.6523438
flevopark_12,169,1637864712.0512695
flevopark_12,169,1637863499.3747559
flevopark_12,169,1637862291.4151611
flevopark_12,169,1637861085.813919
flevopark_12,169,1637941195.7509766
flevopark_12,169,1638084296.581787
flevopark_12,169,1638083050.5109863
flevopark_12,169,1638081835.841919
flevopark_12,169,1638080620.6719742
flevopark_12,169,1638205363.0996094
flevopark_12,169,1638204152.7783203
flevopark_12,169,1638201732.1413574
flevopark_12,169,1637942514.4448242
flevopark_12,169,1637907802.1878233
flevopark_12,169,1637946714.3896484
flevopark_12,169,1637899638.0419006
flevopark_12,169,1637900912.0615234
flevopark_12,169,1637902141.2583008
flevopark_12,169,1637903353.9331055
flevopark_12,169,1637904554.8046875
flevopark_12,169,1637905779.2861328
flevopark_12,169,1637907027.3535156
flevopark_12,169,1637043809.5161953
flevopark_12,169,1637045043.4422607
flevopark_12,169,1637046258.465088
flevopark_12,169,1637047460.9511719
flevopark_12,169,1637048669.6777344
flevopark_12,169,1638033802.9761534
flevopark_12,169,1638035364.8278809
flevopark_12,169,1638036584.5861816
flevopark_12,169,1638037846.808838
flevopark_12,169,1638039050.0483398
flevopark_12,169,1638079956.855957
flevopark_12,169,1638078748.8945312
flevopark_12,169,1638077548.0019531
flevopark_12,169,1638076082.892334
flevopark_12,169,1638168848.9343262
flevopark_12,169,1638170546.6396484
flevopark_12,169,1638171797.0639648
flevopark_12,169,1637821396.0259137
flevopark_12,169,1637824636.0524902
flevopark_12,169,1637826560.9199219
flevopark_12,169,1638115423.1118164
flevopark_12,169,1637909168.2199707
flevopark_12,169,1637944508.625
flevopark_12,169,1637910449.300537
flevopark_12,169,1637913200.0810547
flevopark_12,169,1638128863.6200485
flevopark_12,169,1638130076.2976074
flevopark_12,169,1638131279.5407715
flevopark_12,169,1638132485.145996
flevopark_12,169,1638072343.4119873
flevopark_12,169,1638073586.7512207
flevopark_12,169,1638074808.8693848
flevopark_12,169,1637911808.2729492
flevopark_12,169,1638116628.709961
flevopark_12,169,1636988454.389431
flevopark_12,169,1638119070.5830078
flevopark_12,169,1638120286.5995255
flevopark_12,169,1638046161.9543457
flevopark_12,169,1638044937.479248
flevopark_12,169,1638043729.5187988
flevopark_12,169,1638042394.152954
flevopark_12,169,1637782144.9248047
flevopark_12,169,1637780934.6035156
flevopark_12,169,1637779634.6347656
flevopark_12,169,1637778391.2810059
flevopark_12,169,1637777164.4492188
flevopark_12,169,1637775836.164917
flevopark_12,169,1637774597.5376878
flevopark_12,169,1637042640.696289
flevopark_12,169,1637041432.7363281
flevopark_12,169,1637040222.4135742
flevopark_12,169,1637038964.9013672
flevopark_12,169,1637037761.6699219
flevopark_12,169,1638121520.5146484
flevopark_12,169,1637036523.0410156
flevopark_12,169,1638122742.6296387
flevopark_12,169,1638125184.4951172
flevopark_12,169,1638040291.0371094
flevopark_12,169,1637818111.2988281
flevopark_12,169,1637816893.9069824
flevopark_12,169,1637815690.6608887
flevopark_12,169,1637814444.9536133
flevopark_12,169,1637813095.4370422
flevopark_12,169,1637005511.1074219
flevopark_12,169,1637004307.8754883
flevopark_12,169,1637003095.2041016
flevopark_12,169,1637001884.8808594
flevopark_12,169,1637000679.2780762
flevopark_12,169,1638284477.847786
flevopark_12,169,1636999473.6801758
flevopark_12,169,1636998270.045288
flevopark_12,169,1636997062.485649
flevopark_12,169,1638127590.9819336
flevopark_12,169,1638126387.7363281
flevopark_12,169,1638123983.6154785
flevopark_12,169,1637035246.658146
flevopark_12,169,1637787116.9279785
flevopark_12,169,1637785901.9047852
flevopark_12,169,1638029470.3266602
flevopark_12,169,1638028149.1174316
flevopark_12,169,1638026499.9735107
flevopark_12,169,1638025226.120306
flevopark_12,169,1636996903.430664
flevopark_12,169,1636995695.4658203
flevopark_12,169,1636994492.2294922
flevopark_12,169,1636993284.2680664
flevopark_12,169,1636992071.583496
flevopark_12,169,1636990861.2685547
flevopark_12,169,1636989660.3826904
flevopark_12,169,1637993220.2246094
flevopark_12,169,1637009284.6193848
flevopark_12,169,1637008079.0175781
flevopark_12,169,1637006856.8978271
flevopark_12,169,1637005634.7908974
flevopark_12,169,1638245394.543274
flevopark_12,169,1638030900.053711
flevopark_12,169,1638032259.0151367
flevopark_12,169,1638033468.9345703
flevopark_12,169,1638370807.06805
flevopark_12,169,1637784670.350708
flevopark_12,169,1637783313.761078
flevopark_12,169,1637959808.090332
flevopark_12,169,1637958479.8032227
flevopark_12,169,1637957255.329712
flevopark_12,169,1637955993.1048727
flevopark_12,169,1638165864.4355469
flevopark_12,169,1638164637.9750977
flevopark_12,169,1638117836.6728516
flevopark_12,169,1638163425.2983398
flevopark_12,169,1638160893.7810059
flevopark_12,169,1638159633.9007568
flevopark_12,169,1638158433.0291862
flevopark_12,169,1636962339.3945312
flevopark_12,169,1636961119.6550293
flevopark_12,169,1636959897.5373535
flevopark_12,169,1636958694.2945557
flevopark_12,169,1636957415.5581055
flevopark_12,169,1638162127.6850586
flevopark_12,169,1638198005.7955194
flevopark_12,169,1638041496.6401367
flevopark_13,238,1633104711.2939453
flevopark_13,238,1637863951.274414
flevopark_13,238,1637865421.8549805
flevopark_13,238,1637867601.9824219
flevopark_13,238,1632837608.7393017
flevopark_13,238,1632838877.9572754
flevopark_13,238,1632840100.3635254
flevopark_13,238,1632841308.0446777
flevopark_13,238,1632842527.8735352
flevopark_13,238,1637862706.3735352
flevopark_13,238,1632843730.809082
flevopark_13,238,1632846138.571289
flevopark_13,238,1637907846.7789154
flevopark_13,238,1637909048.3929443
flevopark_13,238,1637910319.7705078
flevopark_13,238,1637911579.0307617
flevopark_13,238,1637913238.140625
flevopark_13,238,1633528884.7972412
flevopark_13,238,1637947449.0022888
flevopark_13,238,1632844937.378418
flevopark_13,238,1637861149.5394592
flevopark_13,238,1633031182.425293
flevopark_13,238,1633029981.300537
flevopark_13,238,1638037509.0688477
flevopark_13,238,1638036306.003662
flevopark_13,238,1638035013.1741943
flevopark_13,238,1638033798.5553017
flevopark_13,238,1633117612.4802246
flevopark_13,238,1633116387.9970703
flevopark_13,238,1633115186.7827148
flevopark_13,238,1633113983.9474483
flevopark_13,238,1633027402.2548828
flevopark_13,238,1633026200.0390625
flevopark_13,238,1633024998.625
flevopark_13,238,1633023797.364746
flevopark_13,238,1633022597.209961
flevopark_13,238,1633021392.9191895
flevopark_13,238,1633020192.60437
flevopark_13,238,1633018991.2560134
flevopark_13,238,1633356004.7447166
flevopark_13,238,1633027580.9888582
flevopark_13,238,1633028781.2542725
flevopark_13,238,1637948668.4692383
flevopark_13,238,1637949873.816162
flevopark_13,238,1637951082.4030762
flevopark_13,238,1637952552.7802734
flevopark_13,238,1638119440.5263672
flevopark_13,238,1633269629.1612797
flevopark_13,238,1632884400.163204
flevopark_13,238,1632885616.201416
flevopark_13,238,1632886825.5690918
flevopark_13,238,1632888120.777832
flevopark_13,238,1632889388.7910156
flevopark_13,238,1632890598.0048828
flevopark_13,238,1632891810.387207
flevopark_13,238,1632979405.5383892
flevopark_13,238,1632980641.1573486
flevopark_13,238,1632981847.6564941
flevopark_13,238,1632983057.7316895
flevopark_13,238,1632984263.65625
flevopark_13,238,1637869721.619217
flevopark_13,238,1637870970.9360352
flevopark_13,238,1637873282.0688477
flevopark_13,238,1633575603.9592957
flevopark_13,238,1637821492.435669
flevopark_13,238,1638118204.5151367
flevopark_13,238,1638038710.0908203
flevopark_13,238,1638116979.4560547
flevopark_13,238,1638114186.465332
flevopark_13,238,1637954298.3828125
flevopark_13,238,1637955516.8051758
flevopark_13,238,1637899252.5158157
flevopark_13,238,1637900521.2474365
flevopark_13,238,1637901943.2719727
flevopark_13,238,1637903175.284668
flevopark_13,238,1637904492.1015625
flevopark_13,238,1637905730.503418
flevopark_13,238,1637906948.862793
flevopark_13,238,1632924019.5458279
flevopark_13,238,1632925222.2974854
flevopark_13,238,1632926452.751709
flevopark_13,238,1632927688.7998047
flevopark_13,238,1632928897.192871
flevopark_13,238,1632930128.0249023
flevopark_13,238,1632931334.6645508
flevopark_13,238,1632932535.4882812
flevopark_13,238,1638111635.0020103
flevopark_13,238,1638112972.243164
flevopark_13,238,1638115500.1589355
flevopark_13,238,1638039956.8735352
flevopark_13,238,1638041162.522461
flevopark_13,238,1638042372.0664062
flevopark_13,238,1637945789.934082
flevopark_13,238,1637944507.2905273
flevopark_13,238,1637942314.3928223
flevopark_13,238,1637940193.0706787
flevopark_13,238,1637938878.2537155
flevopark_13,238,1633070635.3413086
flevopark_13,238,1633069427.7365723
flevopark_13,238,1633068223.6745605
flevopark_13,238,1633066998.8111572
flevopark_13,238,1633065793.1505487
flevopark_13,238,1633615217.6042004
flevopark_13,238,1638331360.6240387
flevopark_13,238,1633788003.9904492
flevopark_13,238,1637859723.4262695
flevopark_13,238,1637858420.9067383
flevopark_13,238,1637856390.144043
flevopark_13,238,1637855172.0690918
flevopark_13,238,1637853709.6503906
flevopark_13,238,1637852446.3589401
flevopark_13,238,1637947008.1328125
flevopark_13,238,1638085712.9956055
flevopark_13,238,1638120246.8374596
flevopark_13,238,1638122720.7270508
flevopark_13,238,1633110192.650879
flevopark_13,238,1633108992.027588
flevopark_13,238,1633107791.39917
flevopark_13,238,1633106591.1820068
flevopark_13,238,1633105390.185604
flevopark_13,238,1633065748.9013672
flevopark_13,238,1633064481.1455078
flevopark_13,238,1633063271.272461
flevopark_13,238,1633062061.987793
flevopark_13,238,1633060852.543213
flevopark_13,238,1633059630.3659668
flevopark_13,238,1633058429.5567627
flevopark_13,238,1633057209.3521109
flevopark_13,238,1633748415.7065668
flevopark_13,238,1638370880.4837418
flevopark_13,238,1638127766.9296875
flevopark_13,238,1638126502.104004
flevopark_13,238,1638125263.2944336
flevopark_13,238,1638123923.413086
flevopark_13,238,1638121500.052002
flevopark_13,238,1637822743.237915
flevopark_13,238,1638084378.0402832
flevopark_13,238,1638081925.7457275
flevopark_13,238,1632850993.8095703
flevopark_13,238,1632849793.4707031
flevopark_13,238,1632848591.9367676
flevopark_13,238,1632847391.8652344
flevopark_13,238,1632846191.556818
flevopark_13,238,1637999245.0737305
flevopark_13,238,1637998014.9589844
flevopark_13,238,1637996758.1166992
flevopark_13,238,1637995542.4921875
flevopark_13,238,1637994285.488121
flevopark_13,238,1633402800.219204
flevopark_13,238,1638032588.569336
flevopark_13,238,1638031386.0498047
flevopark_13,238,1638030138.8222656
flevopark_13,238,1638028915.1999512
flevopark_13,238,1638027700.9890137
flevopark_13,238,1638026471.555664
flevopark_13,238,1638025207.568088
flevopark_13,238,1638417634.3794098
flevopark_13,238,1632852200.2763672
flevopark_13,238,1638083130.1662598
flevopark_13,238,1632853400.2871094
flevopark_13,238,1632970803.9456458
flevopark_13,238,1638080604.3511267
flevopark_13,238,1632897889.4179688
flevopark_13,238,1632896672.1484375
flevopark_13,238,1632895467.8703613
flevopark_13,238,1632894212.0246582
flevopark_13,238,1632892990.7408247
flevopark_13,238,1633113794.0195312
flevopark_13,238,1633103509.4077148
flevopark_13,238,1633102307.0771484
flevopark_13,238,1633101102.456543
flevopark_13,238,1633098775.0134277
flevopark_13,238,1633097239.645111
flevopark_13,238,1632979298.0302734
flevopark_13,238,1632978097.1904297
flevopark_13,238,1632976871.2114258
flevopark_13,238,1632975664.0581055
flevopark_13,238,1632974452.3881836
flevopark_13,238,1632973228.7609863
flevopark_13,238,1632972010.7564697
flevopark_13,238,1632854604.7460938
flevopark_13,238,1637824274.8881836
flevopark_13,238,1637825481.5632324
flevopark_13,238,1637826837.0234375
flevopark_13,238,1637814086.598999
flevopark_13,238,1637815433.2001953
flevopark_13,238,1637816767.2077637
flevopark_13,238,1637817990.8955078
flevopark_13,238,1637819266.5185547
flevopark_13,238,1637820472.7373047
flevopark_13,238,1638128918.9323883
flevopark_13,238,1638130168.9278564
flevopark_13,238,1638131434.215332
flevopark_13,238,1638132647.5344238
flevopark_13,238,1632941180.361604
flevopark_13,238,1637812868.0423965
flevopark_13,238,1632942408.574585
flevopark_13,238,1632944810.611084
flevopark_13,238,1632932590.7328086
flevopark_13,238,1632933790.8587646
flevopark_13,238,1632934992.5031738
flevopark_13,238,1632936192.677246
flevopark_13,238,1632937395.9873047
flevopark_13,238,1632938596.3564453
flevopark_13,238,1632939797.8183594
flevopark_13,238,1632941001.397461
flevopark_13,238,1633662008.3553371
flevopark_13,238,1633111392.6777344
flevopark_13,238,1632943610.2561035
flevopark_13,238,1633018865.7001953
flevopark_13,238,1633112593.7832031
flevopark_13,238,1633016464.0112305
flevopark_13,238,1633017664.8735352
flevopark_13,238,1637783241.9625854
flevopark_13,238,1637784446.9276123
flevopark_13,238,1637785651.7390137
flevopark_13,238,1637786879.4909668
flevopark_13,238,1638072168.7603607
flevopark_13,238,1638073439.9847412
flevopark_13,238,1638075903.683838
flevopark_13,238,1638077138.802246
flevopark_13,238,1638078387.9765625
flevopark_13,238,1638079630.520996
flevopark_13,238,1638042407.2370224
flevopark_13,238,1638074658.0566406
flevopark_13,238,1638044892.829834
flevopark_13,238,1633014058.0441895
flevopark_13,238,1633015261.1958008
flevopark_13,238,1638043608.8514404
flevopark_13,238,1633012857.4077148
flevopark_13,238,1633011644.3616943
flevopark_13,238,1632858382.8029785
flevopark_13,238,1633010413.1393528
flevopark_13,238,1632855981.6191406
flevopark_13,238,1632854781.2992854
flevopark_13,238,1633442423.9953823
flevopark_13,238,1638046191.8986816
flevopark_13,238,1632857181.7548828
flevopark_2,173,1632983160.423584
flevopark_2,173,1632890968.6142578
flevopark_2,173,1632980188.1340332
flevopark_2,173,1632981731.9736328
flevopark_2,173,1632984566.8129883
flevopark_2,173,1632937456.6308594
flevopark_2,173,1632933796.4188232
flevopark_2,173,1632935007.7321777
flevopark_2,173,1632936231.3447266
flevopark_2,173,1632938658.5908203
flevopark_2,173,1632889374.1953125
flevopark_2,173,1632932595.7280693
flevopark_2,173,1632887621.1574707
flevopark_2,173,1632924992.8659668
flevopark_2,173,1632884537.776001
flevopark_2,173,1637959642.4118652
flevopark_2,173,1637958439.168457
flevopark_2,173,1637957212.3395996
flevopark_2,173,1637955980.7840312
flevopark_2,173,1632932107.8706055
flevopark_2,173,1632930862.3149414
flevopark_2,173,1632929644.6689453
flevopark_2,173,1632928388.569336
flevopark_2,173,1632926746.0800781
flevopark_2,173,1632939859.3100586
flevopark_2,173,1638214676.546875
flevopark_2,173,1638213380.4760742
flevopark_2,173,1632886297.6540527
flevopark_2,173,1638331275.8166428
flevopark_2,173,1637856280.7780762
flevopark_2,173,1633016918.2392578
flevopark_2,173,1638036440.475586
flevopark_2,173,1638038405.8842773
flevopark_2,173,1638040007.7172852
flevopark_2,173,1638244901.3818207
flevopark_2,173,1638072994.043579
flevopark_2,173,1638074609.2719727
flevopark_2,173,1638078325.900879
flevopark_2,173,1638079860.1347656
flevopark_2,173,1633018991.0784132
flevopark_2,173,1633020212.1901855
flevopark_2,173,1633021412.3913574
flevopark_2,173,1633022631.5688477
flevopark_2,173,1633023842.0546875
flevopark_2,173,1633025048.0947266
flevopark_2,173,1633018118.4033203
flevopark_2,173,1632970923.9006424
flevopark_2,173,1637852451.6405983
flevopark_2,173,1637853716.2265625
flevopark_2,173,1637854933.619873
flevopark_2,173,1638211651.690918
flevopark_2,173,1637857488.7392578
flevopark_2,173,1637859544.1328125
flevopark_2,173,1637860848.375
flevopark_2,173,1638159826.9542236
flevopark_2,173,1638161990.4433594
flevopark_2,173,1638163834.729004
flevopark_2,173,1638166936.305664
flevopark_2,173,1633011849.727295
flevopark_2,173,1633013350.8903809
flevopark_2,173,1633014897.2827148
flevopark_2,173,1632972915.067871
flevopark_2,173,1638209320.8718262
flevopark_2,173,1637865933.6381836
flevopark_2,173,1637946794.8916016
flevopark_2,173,1637785637.1411133
flevopark_2,173,1637784436.2612305
flevopark_2,173,1637783183.4738212
flevopark_2,173,1637781986.3115234
flevopark_2,173,1637780705.2265625
flevopark_2,173,1637779443.006836
flevopark_2,173,1637778242.1274414
flevopark_2,173,1637777027.0859375
flevopark_2,173,1637775826.203247
flevopark_2,173,1637774594.6496553
flevopark_2,173,1637873517.4047852
flevopark_2,173,1637872038.1203613
flevopark_2,173,1637870818.5528564
flevopark_2,173,1637786838.02417
flevopark_2,173,1637869617.4841309
flevopark_2,173,1632896475.4968262
flevopark_2,173,1632895158.164795
flevopark_2,173,1632893902.1831055
flevopark_2,173,1637955779.258789
flevopark_2,173,1637954423.925293
flevopark_2,173,1637952734.0751953
flevopark_2,173,1637951482.0939941
flevopark_2,173,1637949746.5458984
flevopark_2,173,1637947670.7600708
flevopark_2,173,1632944955.2497559
flevopark_2,173,1632943754.720459
flevopark_2,173,1632942466.2329102
flevopark_2,173,1632941188.0949469
flevopark_2,173,1632897705.715332
flevopark_2,173,1638025250.0373802
flevopark_2,173,1638029095.683838
flevopark_2,173,1638030864.430664
flevopark_2,173,1637945542.1728516
flevopark_2,173,1637943100.5541992
flevopark_2,173,1637941839.8945312
flevopark_2,173,1637940572.3358154
flevopark_2,173,1637939280.559204
flevopark_2,173,1638204092.1171875
flevopark_2,173,1638201301.5583496
flevopark_2,173,1638198129.8463135
flevopark_2,173,1637868375.5117188
flevopark_2,173,1637867134.5405273
flevopark_2,173,1637864720.965088
flevopark_2,173,1637863517.722168
flevopark_2,173,1637862307.4057617
flevopark_2,173,1637861000.3537207
flevopark_2,173,1637774489.796875
flevopark_2,173,1637773279.4863281
flevopark_2,173,1637772071.5234375
flevopark_2,173,1637770863.5639648
flevopark_2,173,1637769641.440918
flevopark_2,173,1637768433.4812012
flevopark_2,173,1637767209.0076904
flevopark_2,173,1637766000.065604
flevopark_2,173,1638085721.0185547
flevopark_2,173,1637826579.270996
flevopark_2,173,1637825134.3276367
flevopark_2,173,1637823930.6542969
flevopark_2,173,1637822666.5026855
flevopark_2,173,1637821410.0474167
flevopark_2,173,1638033414.9453125
flevopark_2,173,1638206659.6104126
flevopark_2,173,1638084302.2077637
flevopark_2,173,1638205482.4262695
flevopark_2,173,1637820401.6484375
flevopark_2,173,1637899441.698822
flevopark_2,173,1637993875.1201172
flevopark_2,173,1637992646.6083984
flevopark_2,173,1637991273.8164062
flevopark_2,173,1637989497.6469727
flevopark_2,173,1637988275.949463
flevopark_2,173,1637986988.8641357
flevopark_2,173,1637999492.3139648
flevopark_2,173,1637998001.425537
flevopark_2,173,1637996175.4240723
flevopark_2,173,1637994791.9510498
flevopark_2,173,1638045551.06958
flevopark_2,173,1638043454.621704
flevopark_2,173,1638172731.150879
flevopark_2,173,1638171199.0317383
flevopark_2,173,1638169729.9926758
flevopark_2,173,1638168237.7684326
flevopark_2,173,1638167035.2359161
flevopark_2,173,1638034138.9992676
flevopark_2,173,1637900838.3999023
flevopark_2,173,1637902052.6091309
flevopark_2,173,1632941080.8583984
flevopark_2,173,1637904516.8330078
flevopark_2,173,1637903261.3928223
flevopark_2,173,1637819014.3828125
flevopark_2,173,1637817794.6293945
flevopark_2,173,1637816586.6696777
flevopark_2,173,1637815293.7729492
flevopark_2,173,1637812837.7460403
flevopark_2,173,1638284655.424057
flevopark_2,173,1637912218.265625
flevopark_2,173,1637910956.0402832
flevopark_2,173,1637814055.144165
flevopark_2,173,1637907912.5535278
flevopark_2,173,1638119061.7299805
flevopark_2,173,1638114294.133789
flevopark_2,173,1638112445.0402222
flevopark_2,173,1638125774.3320312
flevopark_2,173,1638124554.0810547
flevopark_2,173,1638123164.154541
flevopark_2,173,1637909311.6113281
flevopark_2,173,1637905774.059082
flevopark_2,173,1637907324.1010742
flevopark_3,214,1638038948.0742188
flevopark_3,214,1633030004.979004
flevopark_3,214,1638037725.9594727
flevopark_3,214,1632897579.0083008
flevopark_3,214,1638035191.2531738
flevopark_3,214,1638033981.5990295
flevopark_3,214,1632894329.451538
flevopark_3,214,1638040165.475586
flevopark_3,214,1638036487.3322754
flevopark_3,214,1638041772.144043
flevopark_3,214,1637909134.6662598
flevopark_3,214,1638113009.0196533
flevopark_3,214,1638114216.9760742
flevopark_3,214,1638115429.262207
flevopark_3,214,1638116783.8891602
flevopark_3,214,1638118022.5180664
flevopark_3,214,1638119350.8085938
flevopark_3,214,1637907886.2001648
flevopark_3,214,1632892996.291514
flevopark_3,214,1637910606.8813477
flevopark_3,214,1637911812.078125
flevopark_3,214,1637913148.5214844
flevopark_3,214,1638111730.2831116
flevopark_3,214,1638133180.602539
flevopark_3,214,1633012826.7163086
flevopark_3,214,1638130224.4068604
flevopark_3,214,1633057208.142497
flevopark_3,214,1633058415.5596924
flevopark_3,214,1633059682.5024414
flevopark_3,214,1633060883.3708496
flevopark_3,214,1633062103.1386719
flevopark_3,214,1633063351.2045898
flevopark_3,214,1637812936.836792
flevopark_3,214,1637814149.5245361
flevopark_3,214,1637815392.8605957
flevopark_3,214,1637816666.8833008
flevopark_3,214,1638131731.9956055
flevopark_3,214,1637818004.6079102
flevopark_3,214,1637820571.5175781
flevopark_3,214,1633010418.0850143
flevopark_3,214,1633011621.9934082
flevopark_3,214,1638072013.5137577
flevopark_3,214,1633014034.8759766
flevopark_3,214,1633015238.003418
flevopark_3,214,1633016441.3745117
flevopark_3,214,1633017644.8666992
flevopark_3,214,1633018850.6523438
flevopark_3,214,1638128820.6331482
flevopark_3,214,1637819214.9228516
flevopark_3,214,1638073618.8588867
flevopark_3,214,1637787227.3066406
flevopark_3,214,1638076061.2873535
flevopark_3,214,1632943811.136963
flevopark_3,214,1632945109.1931152
flevopark_3,214,1637956117.3117218
flevopark_3,214,1637957549.3225098
flevopark_3,214,1637958802.5002441
flevopark_3,214,1637960114.2675781
flevopark_3,214,1637994555.70047
flevopark_3,214,1637995975.8233643
flevopark_3,214,1637997809.0524902
flevopark_3,214,1637999023.4960938
flevopark_3,214,1637899205.7648692
flevopark_3,214,1637900653.1464844
flevopark_3,214,1637901947.265625
flevopark_3,214,1637903251.9575195
flevopark_3,214,1637904565.2929688
flevopark_3,214,1637905847.1748047
flevopark_3,214,1637907229.7285156
flevopark_3,214,1638167098.8152237
flevopark_3,214,1638169823.072754
flevopark_3,214,1638171025.5444336
flevopark_3,214,1638172249.8217773
flevopark_3,214,1633027581.4608855
flevopark_3,214,1633028788.35083
flevopark_3,214,1632942571.7088623
flevopark_3,214,1632941185.2403297
flevopark_3,214,1637782460.538086
flevopark_3,214,1637781085.0756836
flevopark_3,214,1638077396.5029297
flevopark_3,214,1638078597.3745117
flevopark_3,214,1638080111.649414
flevopark_3,214,1638284546.6386414
flevopark_3,214,1637783204.6992607
flevopark_3,214,1637784646.2210693
flevopark_3,214,1637786007.5471191
flevopark_3,214,1633027444.1484375
flevopark_3,214,1638206597.4706373
flevopark_3,214,1638207803.072876
flevopark_3,214,1638209015.7441406
flevopark_3,214,1638074826.8217773
flevopark_3,214,1638210523.3288574
flevopark_3,214,1638213099.690918
flevopark_3,214,1632979390.6528246
flevopark_3,214,1632980634.003418
flevopark_3,214,1632981900.9377441
flevopark_3,214,1632983113.6210938
flevopark_3,214,1632984413.59375
flevopark_3,214,1637774599.3681107
flevopark_3,214,1637775804.9693604
flevopark_3,214,1637777010.5737305
flevopark_3,214,1637778218.5351562
flevopark_3,214,1637779575.1186523
flevopark_3,214,1638211800.6069336
flevopark_3,214,1633026243.7387695
flevopark_3,214,1632973404.140625
flevopark_3,214,1633023838.2148438
flevopark_3,214,1638042414.856739
flevopark_3,214,1637992121.9863281
flevopark_3,214,1637990650.790039
flevopark_3,214,1637989312.8640137
flevopark_3,214,1637987739.8425293
flevopark_3,214,1637986091.0169067
flevopark_3,214,1638086064.7192383
flevopark_3,214,1638084635.7976074
flevopark_3,214,1638083430.1914062
flevopark_3,214,1638082033.4921875
flevopark_3,214,1638080714.6480255
flevopark_3,214,1632941035.6347656
flevopark_3,214,1632939833.5498047
flevopark_3,214,1632938629.7006836
flevopark_3,214,1632937428.2612305
flevopark_3,214,1632936215.5734863
flevopark_3,214,1632935005.2617188
flevopark_3,214,1632933804.5101318
flevopark_3,214,1632932591.475218
flevopark_3,214,1637826987.4204102
flevopark_3,214,1637824372.4499512
flevopark_3,214,1637823028.2061768
flevopark_3,214,1637821457.237053
flevopark_3,214,1638043736.0551758
flevopark_3,214,1637868679.8623047
flevopark_3,214,1638044948.755127
flevopark_3,214,1638198108.5276642
flevopark_3,214,1632932567.1240234
flevopark_3,214,1632931361.5239258
flevopark_3,214,1632930135.8632812
flevopark_3,214,1632928924.3613281
flevopark_3,214,1632927714.0561523
flevopark_3,214,1632926506.088379
flevopark_3,214,1632925293.008667
flevopark_3,214,1632924078.3785095
flevopark_3,214,1637946337.9291992
flevopark_3,214,1637941172.8757324
flevopark_3,214,1637939137.384735
flevopark_3,214,1637955843.6621094
flevopark_3,214,1637954451.4853516
flevopark_3,214,1637951355.5805664
flevopark_3,214,1637949961.2314453
flevopark_3,214,1637948746.1949463
flevopark_3,214,1637947476.9034119
flevopark_3,214,1638206301.5898438
flevopark_3,214,1638204939.8583984
flevopark_3,214,1638203357.1713867
flevopark_3,214,1638202130.8706055
flevopark_3,214,1638200702.9643555
flevopark_3,214,1638199502.0847168
flevopark_3,214,1638046276.4853516
flevopark_3,214,1633025040.65625
flevopark_3,214,1637867429.425293
flevopark_3,214,1637864869.6115723
flevopark_3,214,1638028176.1513672
flevopark_3,214,1638026659.8793945
flevopark_3,214,1638025352.8289795
flevopark_3,214,1637860334.0410156
flevopark_3,214,1637859116.993164
flevopark_3,214,1637856673.984375
flevopark_3,214,1637855391.322754
flevopark_3,214,1637854178.6446533
flevopark_3,214,1637852487.0362167
flevopark_3,214,1637873930.2807617
flevopark_3,214,1637872118.3466797
flevopark_3,214,1637870910.3879395
flevopark_3,214,1637869697.679985
flevopark_3,214,1632970896.2043228
flevopark_3,214,1632972189.0897217
flevopark_3,214,1632974705.683838
flevopark_3,214,1632975990.4614258
flevopark_3,214,1632977219.1049805
flevopark_3,214,1632978478.9824219
flevopark_3,214,1633018994.8512554
flevopark_3,214,1633020209.7630615
flevopark_3,214,1633021411.951416
flevopark_3,214,1633022627.3591309
flevopark_3,214,1638029535.8632812
flevopark_3,214,1637866221.4624023
flevopark_3,214,1638031048.1704102
flevopark_3,214,1638033506.5507812
flevopark_3,214,1637863607.1569824
flevopark_3,214,1637862374.9553223
flevopark_3,214,1637860996.299274
flevopark_3,214,1637773881.0966797
flevopark_3,214,1637772477.3168945
flevopark_3,214,1637771130.171875
flevopark_3,214,1637769917.4743652
flevopark_3,214,1637768558.5178223
flevopark_3,214,1637767350.5565186
flevopark_3,214,1637766141.038437
flevopark_3,214,1638128715.8300781
flevopark_3,214,1638127354.5249023
flevopark_3,214,1638126150.8740234
flevopark_3,214,1638124940.9545898
flevopark_3,214,1638123734.9628906
flevopark_3,214,1638121925.7978516
flevopark_3,214,1638120634.257965
flevopark_3,214,1638166582.2265625
flevopark_3,214,1638165326.3701172
flevopark_3,214,1638163120.4067383
flevopark_3,214,1638161461.84375
flevopark_3,214,1638160260.560913
flevopark_3,214,1638158592.9350433
flevopark_3,214,1638032265.5639648
flevopark_3,214,1637857911.0546875
flevopark_3,214,1633031218.2822266
flevopark_4,171,1638165279.9697266
flevopark_4,171,1632942743.6917725
flevopark_4,171,1632944099.2348633
flevopark_4,171,1632945418.4926758
flevopark_4,171,1632925169.4135742
flevopark_4,171,1632926412.0393066
flevopark_4,171,1632928504.4970703
flevopark_4,171,1637999221.7207031
flevopark_4,171,1637997747.1677246
flevopark_4,171,1637995949.4989014
flevopark_4,171,1637994687.153656
flevopark_4,171,1632941181.8721125
flevopark_4,171,1637873640.8757324
flevopark_4,171,1637870930.0356445
flevopark_4,171,1637869703.2195358
flevopark_4,171,1638033051.9970703
flevopark_4,171,1638030864.9365234
flevopark_4,171,1638027767.1801758
flevopark_4,171,1638025584.8172913
flevopark_4,171,1638209573.2424316
flevopark_4,171,1638208062.0847168
flevopark_4,171,1638206838.9016876
flevopark_4,171,1637785817.2351074
flevopark_4,171,1637872149.795166
flevopark_4,171,1637784597.4818115
flevopark_4,171,1637992294.118164
flevopark_4,171,1637987880.3432617
flevopark_4,171,1632932622.358776
flevopark_4,171,1632933991.3682861
flevopark_4,171,1632935246.0197754
flevopark_4,171,1632936452.2658691
flevopark_4,171,1632937652.6108398
flevopark_4,171,1632938886.7436523
flevopark_4,171,1632940086.8232422
flevopark_4,171,1638417607.0770254
flevopark_4,171,1632970882.0553513
flevopark_4,171,1632972127.7451172
flevopark_4,171,1637989775.5732422
flevopark_4,171,1632973338.0776367
flevopark_4,171,1632975770.5043945
flevopark_4,171,1632977126.859375
flevopark_4,171,1632978528.5253906
flevopark_4,171,1637861284.2562256
flevopark_4,171,1637863313.7998047
flevopark_4,171,1637864637.5368652
flevopark_4,171,1637865929.7006836
flevopark_4,171,1637867135.317871
flevopark_4,171,1637868397.5375977
flevopark_4,171,1637985861.2126465
flevopark_4,171,1632974545.8181152
flevopark_4,171,1638085885.0092773
flevopark_4,171,1637783382.4361115
flevopark_4,171,1638170695.5385742
flevopark_4,171,1637773421.8046875
flevopark_4,171,1637771815.1220703
flevopark_4,171,1637770463.2646484
flevopark_4,171,1637768181.8237305
flevopark_4,171,1637766943.1869507
flevopark_4,171,1632858391.025879
flevopark_4,171,1632857190.758789
flevopark_4,171,1632855989.8692627
flevopark_4,171,1632854781.8961124
flevopark_4,171,1637820225.4990234
flevopark_4,171,1638198380.8156433
flevopark_4,171,1637818557.4702148
flevopark_4,171,1637815978.7346191
flevopark_4,171,1637814511.2695312
flevopark_4,171,1637812998.9703217
flevopark_4,171,1638041579.4716797
flevopark_4,171,1638040338.4780273
flevopark_4,171,1638038646.8676758
flevopark_4,171,1638036462.845459
flevopark_4,171,1638034428.4378052
flevopark_4,171,1632981945.7670898
flevopark_4,171,1632980718.9389648
flevopark_4,171,1637817284.790039
flevopark_4,171,1638172224.364746
flevopark_4,171,1638200168.1933594
flevopark_4,171,1638203511.3105469
flevopark_4,171,1638169201.7077637
flevopark_4,171,1638167294.844513
flevopark_4,171,1637944274.1020508
flevopark_4,171,1637942181.9033203
flevopark_4,171,1637939819.640686
flevopark_4,171,1637860584.9174805
flevopark_4,171,1637859087.8476562
flevopark_4,171,1637857805.6708984
flevopark_4,171,1637856262.4816895
flevopark_4,171,1637855009.6767578
flevopark_4,171,1638201781.947998
flevopark_4,171,1637853702.8568115
flevopark_4,171,1638284458.247612
flevopark_4,171,1637952008.8920898
flevopark_4,171,1637947958.63385
flevopark_4,171,1632930109.3989258
flevopark_4,171,1638163994.4765625
flevopark_4,171,1638162559.6982422
flevopark_4,171,1638161351.741455
flevopark_4,171,1638160150.8571777
flevopark_4,171,1638206347.178711
flevopark_4,171,1638204837.241211
flevopark_4,171,1637852501.9675903
flevopark_4,171,1632979513.3375626
flevopark_4,171,1638084602.7543945
flevopark_4,171,1638081993.6292725
flevopark_4,171,1637781668.6054688
flevopark_4,171,1637780418.1782227
flevopark_4,171,1637778403.3466797
flevopark_4,171,1637777170.5373535
flevopark_4,171,1637775919.1483154
flevopark_4,171,1637774635.533329
flevopark_4,171,1638079795.8125
flevopark_4,171,1638078525.9658203
flevopark_4,171,1638077320.4204102
flevopark_4,171,1638075944.545166
flevopark_4,171,1638074647.354004
flevopark_4,171,1638073403.963501
flevopark_4,171,1638072091.5770645
flevopark_4,171,1638045966.392334
flevopark_4,171,1637821863.824463
flevopark_4,171,1638043913.8049316
flevopark_4,171,1638083329.131836
flevopark_4,171,1637906076.8354492
flevopark_4,171,1637904772.9350586
flevopark_4,171,1637903085.2355957
flevopark_4,171,1637901877.277588
flevopark_4,171,1637900504.1672363
flevopark_4,171,1637899213.6241627
flevopark_4,171,1638119731.246582
flevopark_4,171,1638118170.0683594
flevopark_4,171,1638116665.713379
flevopark_4,171,1638115369.2038574
flevopark_4,171,1638114073.9072266
flevopark_4,171,1638112862.7714844
flevopark_4,171,1638111658.362278
flevopark_4,171,1638042694.0293274
flevopark_4,171,1637823833.3901367
flevopark_4,171,1637907317.8129883
flevopark_4,171,1637957189.517334
flevopark_4,171,1637825296.7216797
flevopark_4,171,1638080653.076847
flevopark_4,171,1632891719.3237305
flevopark_4,171,1632890513.7143555
flevopark_4,171,1632889301.03125
flevopark_4,171,1632888081.282959
flevopark_4,171,1632886847.3771973
flevopark_4,171,1632885629.9759521
flevopark_4,171,1632884426.523512
flevopark_4,171,1638370963.2513428
flevopark_4,171,1638132608.4951172
flevopark_4,171,1638131389.8972168
flevopark_4,171,1638130112.3944092
flevopark_4,171,1638128845.1595993
flevopark_4,171,1637912815.494629
flevopark_4,171,1632931351.4072266
flevopark_4,171,1637909451.5993652
flevopark_4,171,1637910803.4787598
flevopark_4,171,1637958933.0500488
flevopark_4,171,1638331388.7342834
flevopark_4,171,1638120417.6426544
flevopark_4,171,1638123164.665039
flevopark_4,171,1638124492.803711
flevopark_4,171,1638125727.025879
flevopark_4,171,1638121844.7008057
flevopark_4,171,1638128613.040039
flevopark_4,171,1638244962.7853088
flevopark_4,171,1632893357.6525574
flevopark_4,171,1632895855.7976074
flevopark_4,171,1632897215.1767578
flevopark_4,171,1637907804.8087473
flevopark_4,171,1638127078.8657227
flevopark_5,352,1637999110.4301758
flevopark_5,352,1638123896.0512695
flevopark_5,352,1638125099.2973633
flevopark_5,352,1638126328.4829102
flevopark_5,352,1638127560.0444336
flevopark_5,352,1637997169.496338
flevopark_5,352,1633019008.2290134
flevopark_5,352,1633026313.6293945
flevopark_5,352,1633021455.734375
flevopark_5,352,1633022691.7695312
flevopark_5,352,1633023892.5625
flevopark_5,352,1633025106.4902344
flevopark_5,352,1638122662.144043
flevopark_5,352,1633027522.4960938
flevopark_5,352,1633010590.0518188
flevopark_5,352,1633020214.3566895
flevopark_5,352,1638121425.8735352
flevopark_5,352,1632978617.9199219
flevopark_5,352,1632897840.8168945
flevopark_5,352,1633065874.0075378
flevopark_5,352,1633067468.4754639
flevopark_5,352,1633068726.401123
flevopark_5,352,1631397600.220804
flevopark_5,352,1632970914.8109436
flevopark_5,352,1632972287.9277344
flevopark_5,352,1632973507.6794434
flevopark_5,352,1632974736.6569824
flevopark_5,352,1632976015.6157227
flevopark_5,352,1632977369.854004
flevopark_5,352,1637941475.8134766
flevopark_5,352,1637944042.678711
flevopark_5,352,1632893067.199173
flevopark_5,352,1632894339.3192139
flevopark_5,352,1632896027.9311523
flevopark_5,352,1638120210.8354416
flevopark_5,352,1633070406.2192383
flevopark_5,352,1631226003.0908203
flevopark_5,352,1632944662.8779297
flevopark_5,352,1633146279.114746
flevopark_5,352,1633147510.666748
flevopark_5,352,1633149181.0419922
flevopark_5,352,1633150820.7485352
flevopark_5,352,1631311202.5904086
flevopark_5,352,1631312405.2684326
flevopark_5,352,1631313605.7944336
flevopark_5,352,1631314808.2802734
flevopark_5,352,1631316009.387207
flevopark_5,352,1631317211.8764648
flevopark_5,352,1631318411.8999023
flevopark_5,352,1631319614.7089844
flevopark_5,352,1631276410.3128204
flevopark_5,352,1631277630.067871
flevopark_5,352,1633144861.1693115
flevopark_5,352,1631278859.272461
flevopark_5,352,1631281275.1982422
flevopark_5,352,1631282657.7280273
flevopark_5,352,1631283927.0356445
flevopark_5,352,1633057208.5793018
flevopark_5,352,1633059042.8677979
flevopark_5,352,1633060274.418213
flevopark_5,352,1633061484.7392578
flevopark_5,352,1633062704.494629
flevopark_5,352,1633064103.5585938
flevopark_5,352,1633065375.2294922
flevopark_5,352,1637957679.3616943
flevopark_5,352,1637959965.9040527
flevopark_5,352,1631916000.232004
flevopark_5,352,1637993357.069336
flevopark_5,352,1631280067.2402344
flevopark_5,352,1633143608.3843365
flevopark_5,352,1637783212.0533485
flevopark_5,352,1631310701.5447245
flevopark_5,352,1637911595.6748047
flevopark_5,352,1637912849.375
flevopark_5,352,1631829602.8816845
flevopark_5,352,1638331574.2196045
flevopark_5,352,1632175237.2650986
flevopark_5,352,1633113989.3526287
flevopark_5,352,1633115213.7172852
flevopark_5,352,1633116441.807129
flevopark_5,352,1633117703.628662
flevopark_5,352,1631371332.8480296
flevopark_5,352,1631372540.8067627
flevopark_5,352,1631373741.6896973
flevopark_5,352,1633027584.4466753
flevopark_5,352,1633028787.6723633
flevopark_5,352,1633030067.6152344
flevopark_5,352,1633031280.6831055
flevopark_5,352,1631259164.2592506
flevopark_5,352,1631570402.1149068
flevopark_5,352,1631343871.8339844
flevopark_5,352,1631342669.8745117
flevopark_5,352,1631341448.4135742
flevopark_5,352,1631340239.055664
flevopark_5,352,1631339030.470459
flevopark_5,352,1631250573.0768366
flevopark_5,352,1631337605.1449585
flevopark_5,352,1631266379.8183594
flevopark_5,352,1631265177.019043
flevopark_5,352,1631263970.774414
flevopark_5,352,1631262770.3061523
flevopark_5,352,1631261570.274414
flevopark_5,352,1631260367.4796143
flevopark_5,352,1631267581.1621094
flevopark_5,352,1631251856.536621
flevopark_5,352,1631253085.7333984
flevopark_5,352,1631254291.328125
flevopark_5,352,1631329592.8428955
flevopark_5,352,1631330801.9978027
flevopark_5,352,1631332319.3481445
flevopark_5,352,1631333527.3046875
flevopark_5,352,1631334756.475586
flevopark_5,352,1631336095.347168
flevopark_5,352,1633097569.6121826
flevopark_5,352,1633099519.7436523
flevopark_5,352,1633101894.760254
flevopark_5,352,1631362749.5520878
flevopark_5,352,1631363956.708496
flevopark_5,352,1631365164.6618652
flevopark_5,352,1631366372.619873
flevopark_5,352,1631367580.5859375
flevopark_5,352,1631368788.5439453
flevopark_5,352,1631370005.9423828
flevopark_5,352,1631371211.5429688
flevopark_5,352,1632942755.0524902
flevopark_5,352,1632941268.8412018
flevopark_5,352,1638080584.1640625
flevopark_5,352,1638079376.2060547
flevopark_5,352,1638078158.8125
flevopark_5,352,1638076957.9169922
flevopark_5,352,1631328389.7856927
flevopark_5,352,1638075749.9572754
flevopark_5,352,1638073298.6583252
flevopark_5,352,1638072085.9738007
flevopark_5,352,1638132706.6520996
flevopark_5,352,1638131328.8242188
flevopark_5,352,1638130064.2471924
flevopark_5,352,1638128809.0883598
flevopark_5,352,1638074516.048584
flevopark_5,352,1631224802.0624273
flevopark_5,352,1631301933.9824219
flevopark_5,352,1631299532.7148438
flevopark_5,352,1631255511.084961
flevopark_5,352,1631256718.2573242
flevopark_5,352,1631257922.2841797
flevopark_5,352,1631259134.9560547
flevopark_5,352,1631267750.241604
flevopark_5,352,1631268952.5019531
flevopark_5,352,1631270154.6936035
flevopark_5,352,1631271356.4499512
flevopark_5,352,1631272561.3295898
flevopark_5,352,1631273762.3930664
flevopark_5,352,1631274979.602539
flevopark_5,352,1631276222.9433594
flevopark_5,352,1633105947.7617188
flevopark_5,352,1633107183.8481445
flevopark_5,352,1633108569.1506348
flevopark_5,352,1633110165.0043945
flevopark_5,352,1633111586.0913086
flevopark_5,352,1631298332.6914062
flevopark_5,352,1631297131.678955
flevopark_5,352,1631295931.4121094
flevopark_5,352,1631294724.9212646
flevopark_5,352,1631293521.6928225
flevopark_5,352,1631293447.4179688
flevopark_5,352,1631300733.8085938
flevopark_5,352,1631292244.0292969
flevopark_5,352,1631289835.6938477
flevopark_5,352,1631288564.0358887
flevopark_5,352,1631287356.074707
flevopark_5,352,1631286155.183838
flevopark_5,352,1631284937.7968926
flevopark_5,352,1633112863.5844727
flevopark_5,352,1631291039.2329102
flevopark_5,352,1633013093.2648926
flevopark_5,352,1633011831.7398682
flevopark_5,352,1633015510.696289
flevopark_5,352,1631357840.4382324
flevopark_5,352,1631356615.4125977
flevopark_5,352,1631355379.5775146
flevopark_5,352,1631354156.3008504
flevopark_5,352,1637906433.8632812
flevopark_5,352,1637905208.078125
flevopark_5,352,1637901739.9111328
flevopark_5,352,1637899970.440979
flevopark_5,352,1631249597.821289
flevopark_5,352,1631248356.7124023
flevopark_5,352,1631247094.4916992
flevopark_5,352,1631245742.6166992
flevopark_5,352,1631359062.5483398
flevopark_5,352,1631244470.958496
flevopark_5,352,1631242012.5827827
flevopark_5,352,1632088805.4756165
flevopark_5,352,1632892113.0610352
flevopark_5,352,1632890798.9194336
flevopark_5,352,1632889480.081543
flevopark_5,352,1632888229.6542969
flevopark_5,352,1632887028.7634277
flevopark_5,352,1632885818.456543
flevopark_5,352,1632884428.8259354
flevopark_5,352,1631310521.9296875
flevopark_5,352,1631309319.6757812
flevopark_5,352,1631308118.9628906
flevopark_5,352,1631243246.47229
flevopark_5,352,1631306918.4047852
flevopark_5,352,1631360264.4038086
flevopark_5,352,1631362672.2832031
flevopark_5,352,1631239397.2060547
flevopark_5,352,1631240607.050293
flevopark_5,352,1631241865.3046875
flevopark_5,352,1637776038.7960205
flevopark_5,352,1632932692.4955978
flevopark_5,352,1632933907.9224854
flevopark_5,352,1632935210.2543945
flevopark_5,352,1632936429.8222656
flevopark_5,352,1632937678.0898438
flevopark_5,352,1632939126.6904297
flevopark_5,352,1632940327.5507812
flevopark_5,352,1638168005.772461
flevopark_5,352,1631361466.6689453
flevopark_5,352,1638170252.576416
flevopark_5,352,1637952795.1220703
flevopark_5,352,1638198164.6243134
flevopark_5,352,1638199372.5871582
flevopark_5,352,1638200597.0605469
flevopark_5,352,1638201805.0170898
flevopark_5,352,1638203008.2597656
flevopark_5,352,1638204223.3046875
flevopark_5,352,1638205424.1826172
flevopark_5,352,1632858428.7387695
flevopark_5,352,1632857228.238037
flevopark_5,352,1632856007.8449707
flevopark_5,352,1632854783.2850213
flevopark_5,352,1638171810.9560547
flevopark_5,352,1631238196.7485352
flevopark_5,352,1631305717.0019531
flevopark_5,352,1631303315.5820312
flevopark_5,352,1637873091.6254883
flevopark_5,352,1637869860.7470398
flevopark_5,352,1632002401.0572283
flevopark_5,352,1637859712.2597656
flevopark_5,352,1637858207.4082031
flevopark_5,352,1637855469.35083
flevopark_5,352,1637854160.0300293
flevopark_5,352,1631656802.4264393
flevopark_5,352,1638041654.1425781
flevopark_5,352,1638039002.8735352
flevopark_5,352,1632984623.1166992
flevopark_5,352,1632983372.8825684
flevopark_5,352,1632924078.1193085
flevopark_5,352,1632982150.7666016
flevopark_5,352,1632979560.256775
flevopark_5,352,1633442555.3233185
flevopark_5,352,1638084263.274414
flevopark_5,352,1638083057.6984863
flevopark_5,352,1638081847.3737793
flevopark_5,352,1638080613.4652023
flevopark_5,352,1631233223.109375
flevopark_5,352,1631232021.7451172
flevopark_5,352,1631230819.9213867
flevopark_5,352,1631229615.534668
flevopark_5,352,1631228412.7092285
flevopark_5,352,1631227208.0375977
flevopark_5,352,1632980893.2615967
flevopark_5,352,1631304515.7768555
flevopark_5,352,1632925540.8707275
flevopark_5,352,1632928456.9750977
flevopark_5,352,1631302113.5776412
flevopark_5,352,1633316659.5209045
flevopark_5,352,1637821331.4736328
flevopark_5,352,1637820130.5927734
flevopark_5,352,1637818927.359375
flevopark_5,352,1637817693.4423828
flevopark_5,352,1637816464.2441406
flevopark_5,352,1637815244.4812012
flevopark_5,352,1637814027.0942383
flevopark_5,352,1637812813.6401625
flevopark_5,352,1632845123.4907227
flevopark_5,352,1632843920.3120117
flevopark_5,352,1632926949.3847656
flevopark_5,352,1632842716.7714844
flevopark_5,352,1632840284.0839844
flevopark_5,352,1632838901.543213
flevopark_5,352,1632837644.8341217
flevopark_5,352,1637867571.241211
flevopark_5,352,1637866268.9160156
flevopark_5,352,1637864677.5517578
flevopark_5,352,1637863169.2766113
flevopark_5,352,1637861783.3772583
flevopark_5,352,1631743202.2297254
flevopark_5,352,1632932325.7607422
flevopark_5,352,1632931028.6064453
flevopark_5,352,1632929813.5703125
flevopark_5,352,1632841513.9111328
flevopark_5,352,1633014307.354248
flevopark_5,352,1637910385.3564453
flevopark_5,352,1631349565.3969727
flevopark_5,352,1631328215.4033203
flevopark_5,352,1632261602.2310083
flevopark_5,352,1638206597.7317605
flevopark_5,352,1638207843.4421387
flevopark_5,352,1638210261.7202148
flevopark_5,352,1638211511.213379
flevopark_5,352,1638212743.6953125
flevopark_5,352,1633356085.6666794
flevopark_5,352,1631345644.0505524
flevopark_5,352,1631347021.7929688
flevopark_5,352,1631348342.9284668
flevopark_5,352,1631350778.0253906
flevopark_5,352,1631351990.75
flevopark_5,352,1631353231.6972656
flevopark_5,352,1638111723.4686356
flevopark_5,352,1638112940.8668213
flevopark_5,352,1638114162.9819336
flevopark_5,352,1638115420.4780273
flevopark_5,352,1638116626.0859375
flevopark_5,352,1638117855.274414
flevopark_5,352,1638119056.1699219
flevopark_5,352,1631233390.8928134
flevopark_5,352,1631234592.1243896
flevopark_5,352,1631235793.3608398
flevopark_5,352,1631236993.8579102
flevopark_5,352,1631327014.2104492
flevopark_5,352,1631325810.2988281
flevopark_5,352,1638209046.682373
flevopark_5,352,1631323401.9763184
flevopark_5,352,1633016827.402832
flevopark_5,352,1633018071.713379
flevopark_5,352,1637821403.2358646
flevopark_5,352,1637826683.3466797
flevopark_5,352,1637909182.1118164
flevopark_5,352,1638370800.6531632
flevopark_5,352,1631484000.7281854
flevopark_5,352,1638158470.5208206
flevopark_5,352,1631324602.1694336
flevopark_5,352,1638160888.7922363
flevopark_5,352,1638162103.8320312
flevopark_5,352,1638163304.7128906
flevopark_5,352,1638164661.3066406
flevopark_5,352,1638159680.8341064
flevopark_5,352,1631322196.928711
flevopark_5,352,1632846193.3056412
flevopark_5,352,1632847395.3724365
flevopark_5,352,1632848606.4665527
flevopark_5,352,1632849806.5844727
flevopark_5,352,1632851010.1074219
flevopark_5,352,1632852217.7788086
flevopark_5,352,1632853422.3769531
flevopark_5,352,1632854660.116211
flevopark_5,352,1631319794.419232
flevopark_5,352,1631320995.772461
flevopark_5,352,1638165958.9233398
flevopark_6,175,1638166537.105957
flevopark_6,175,1632942682.7851562
flevopark_6,175,1638164369.6376953
flevopark_6,175,1632941185.2371297
flevopark_6,175,1638163124.230957
flevopark_6,175,1637771586.9003906
flevopark_6,175,1638159689.0917969
flevopark_6,175,1638158452.8166199
flevopark_6,175,1637774130.265625
flevopark_6,175,1637772857.7661133
flevopark_6,175,1632943997.8391113
flevopark_6,175,1638161560.5007324
flevopark_6,175,1632945262.105957
flevopark_6,175,1637901960.5090332
flevopark_6,175,1637821680.4501648
flevopark_6,175,1638044313.1999512
flevopark_6,175,1638046676.2050781
flevopark_6,175,1638198510.820343
flevopark_6,175,1638199885.5019531
flevopark_6,175,1638202049.2023926
flevopark_6,175,1638203403.4404297
flevopark_6,175,1638204880.9824219
flevopark_6,175,1638206449.9511719
flevopark_6,175,1638206889.1042786
flevopark_6,175,1638208231.1470947
flevopark_6,175,1638209621.1713867
flevopark_6,175,1637770197.319336
flevopark_6,175,1638370962.6066895
flevopark_6,175,1637768883.1855469
flevopark_6,175,1638285424.3885498
flevopark_6,175,1637766172.3572083
flevopark_6,175,1638214648.790039
flevopark_6,175,1632924099.6091614
flevopark_6,175,1632925305.2104492
flevopark_6,175,1632926506.085205
flevopark_6,175,1632927711.7009277
flevopark_6,175,1632928962.1103516
flevopark_6,175,1632930177.1601562
flevopark_6,175,1632931406.3520508
flevopark_6,175,1638035804.5754395
flevopark_6,175,1638037229.5759277
flevopark_6,175,1638038487.1010742
flevopark_6,175,1638040431.1523438
flevopark_6,175,1637767512.4400635
flevopark_6,175,1638042358.696289
flevopark_6,175,1632933804.3773193
flevopark_6,175,1632935031.2124023
flevopark_6,175,1632936232.7016602
flevopark_6,175,1632937456.5732422
flevopark_6,175,1632938681.0454102
flevopark_6,175,1632939900.800293
flevopark_6,175,1632941167.7382812
flevopark_6,175,1637957087.8928223
flevopark_6,175,1637959440.9516602
flevopark_6,175,1637869591.8775911
flevopark_6,175,1637871437.935669
flevopark_6,175,1637873905.7685547
flevopark_6,175,1632932598.7825022
flevopark_6,175,1637900665.2506104
flevopark_6,175,1638120532.4920044
flevopark_6,175,1638124975.4365234
flevopark_6,175,1632978115.6499023
flevopark_6,175,1632979337.7773438
flevopark_6,175,1637814044.7648926
flevopark_6,175,1637815384.8669434
flevopark_6,175,1637817059.9262695
flevopark_6,175,1637818499.1416016
flevopark_6,175,1637820010.1381836
flevopark_6,175,1637821370.4003906
flevopark_6,175,1637939271.499878
flevopark_6,175,1637943053.3613281
flevopark_6,175,1637945498.5454102
flevopark_6,175,1637947558.221161
flevopark_6,175,1637948825.498291
flevopark_6,175,1637950412.8752441
flevopark_6,175,1637953202.0805664
flevopark_6,175,1637954503.7197266
flevopark_6,175,1637775060.75589
flevopark_6,175,1637776289.639038
flevopark_6,175,1637777523.90625
flevopark_6,175,1637778793.2075195
flevopark_6,175,1637780001.1796875
flevopark_6,175,1637781567.7451172
flevopark_6,175,1637782881.8740234
flevopark_6,175,1637783222.6012802
flevopark_6,175,1637784626.3797607
flevopark_6,175,1632976888.817871
flevopark_6,175,1638127790.0722656
flevopark_6,175,1632975659.0952148
flevopark_6,175,1632973241.3483887
flevopark_6,175,1637903392.5961914
flevopark_6,175,1637904678.505371
flevopark_6,175,1637906345.7792969
flevopark_6,175,1638114331.670166
flevopark_6,175,1638115683.5515137
flevopark_6,175,1638117413.5283203
flevopark_6,175,1638119341.7299805
flevopark_6,175,1638167029.5412292
flevopark_6,175,1638168857.9523926
flevopark_6,175,1638171099.0410156
flevopark_6,175,1637908371.6988525
flevopark_6,175,1637911198.1311035
flevopark_6,175,1637912461.7563477
flevopark_6,175,1638025590.1165466
flevopark_6,175,1638028615.730957
flevopark_6,175,1638029884.125
flevopark_6,175,1638031138.2485352
flevopark_6,175,1638032392.1445312
flevopark_6,175,1638033658.993164
flevopark_6,175,1638072288.0465393
flevopark_6,175,1638075795.9641113
flevopark_6,175,1638077400.253418
flevopark_6,175,1638079311.3217773
flevopark_6,175,1632970832.502781
flevopark_6,175,1632972040.4608154
flevopark_6,175,1632974446.9465332
flevopark_6,175,1638122196.1929932
flevopark_6,175,1637787568.4194336
flevopark_6,175,1632980650.5146484
flevopark_6,175,1637994887.3880005
flevopark_6,175,1637996667.2590332
flevopark_6,175,1637998483.4985352
flevopark_6,175,1637861821.2192993
flevopark_6,175,1637863903.7236328
flevopark_6,175,1637865486.8061523
flevopark_6,175,1637867110.012207
flevopark_6,175,1637868466.6103516
flevopark_6,175,1638129088.6705322
flevopark_6,175,1638131849.0466309
flevopark_6,175,1637986164.0545654
flevopark_6,175,1637988100.7092285
flevopark_6,175,1637990052.6293945
flevopark_6,175,1637991779.324707
flevopark_6,175,1637993079.7958984
flevopark_6,175,1633010444.0357132
flevopark_6,175,1633011651.9953613
flevopark_6,175,1633012876.470459
flevopark_6,175,1633014084.4284668
flevopark_6,175,1633015313.6186523
flevopark_6,175,1633016523.9370117
flevopark_6,175,1633017731.8979492
flevopark_6,175,1638215856.4136963
flevopark_6,175,1638218003.3710938
flevopark_6,175,1638126565.604004
flevopark_6,175,1638085614.0644531
flevopark_6,175,1632979426.0402412
flevopark_6,175,1638084398.9519043
flevopark_6,175,1638081289.6585083
flevopark_6,175,1632981851.39917
flevopark_6,175,1632983064.0761719
flevopark_6,175,1632984326.2978516
flevopark_6,175,1632884490.4362488
flevopark_6,175,1632885691.3222656
flevopark_6,175,1632886899.2788086
flevopark_6,175,1632888116.6721191
flevopark_6,175,1632889329.3535156
flevopark_6,175,1632890530.2363281
flevopark_6,175,1632891761.7895508
flevopark_6,175,1637852960.227295
flevopark_6,175,1637854163.5581055
flevopark_6,175,1637855366.746582
flevopark_6,175,1637856602.927246
flevopark_6,175,1637857926.614746
flevopark_6,175,1637859437.0336914
flevopark_6,175,1637860756.2138672
flevopark_6,175,1632854807.8546772
flevopark_6,175,1632856020.5385742
flevopark_6,175,1632857221.4121094
flevopark_6,175,1632858431.7246094
flevopark_6,175,1638248887.0957031
flevopark_6,175,1632893008.4841537
flevopark_6,175,1632895279.36792
flevopark_6,175,1632896990.2578125
flevopark_6,175,1638083117.8537598
flevopark_6,175,1637785961.7375488
flevopark_7,144,1631849695.4658203
flevopark_7,144,1631896044.0317383
flevopark_7,144,1631823832.7097168
flevopark_7,144,1631822235.467163
flevopark_7,144,1631821016.1137695
flevopark_7,144,1631863414.9658203
flevopark_7,144,1631862052.0839844
flevopark_7,144,1631860846.484375
flevopark_7,144,1631825043.0292969
flevopark_7,144,1631859588.890625
flevopark_7,144,1631856967.1993408
flevopark_7,144,1631855535.691513
flevopark_7,144,1631916155.711914
flevopark_7,144,1638075190.0722656
flevopark_7,144,1637868037.7045898
flevopark_7,144,1637864560.894287
flevopark_7,144,1631858189.9111328
flevopark_7,144,1631786359.7529297
flevopark_7,144,1631826281.6582031
flevopark_7,144,1631828861.3828125
flevopark_7,144,1637952839.6010742
flevopark_7,144,1637944489.3046875
flevopark_7,144,1637939464.0605469
flevopark_7,144,1638037045.6748047
flevopark_7,144,1631829557.7982407
flevopark_7,144,1638245112.5133362
flevopark_7,144,1631827517.9384766
flevopark_7,144,1631794901.4580078
flevopark_7,144,1631792169.3813477
flevopark_7,144,1631790907.0336914
flevopark_7,144,1631789258.0161133
flevopark_7,144,1631787920.293335
flevopark_7,144,1631786717.0568848
flevopark_7,144,1632175276.6291351
flevopark_7,144,1631793583.6313477
flevopark_7,144,1631803809.756668
flevopark_7,144,1631784927.6606445
flevopark_7,144,1631782153.121582
flevopark_7,144,1637775488.86969
flevopark_7,144,1637856652.0878906
flevopark_7,144,1637855409.9406738
flevopark_7,144,1637853476.9869385
flevopark_7,144,1632261604.714418
flevopark_7,144,1632693601.8345664
flevopark_7,144,1631795206.7853088
flevopark_7,144,1631845773.331543
flevopark_7,144,1631843227.6503906
flevopark_7,144,1631841974.86792
flevopark_7,144,1631840686.5969238
flevopark_7,144,1631839436.265747
flevopark_7,144,1631838214.1522598
flevopark_7,144,1631897256.7114258
flevopark_7,144,1631844522.9057617
flevopark_7,144,1631783533.3198242
flevopark_7,144,1631796815.824829
flevopark_7,144,1631799814.4887695
flevopark_7,144,1631780855.517334
flevopark_7,144,1631779480.0534668
flevopark_7,144,1631777932.885023
flevopark_7,144,1631871709.6469727
flevopark_7,144,1631870400.2573242
flevopark_7,144,1631869166.3408203
flevopark_7,144,1631798469.6809082
flevopark_7,144,1631867932.4301758
flevopark_7,144,1631865296.2955322
flevopark_7,144,1631864067.902031
flevopark_7,144,1638118636.1186523
flevopark_7,144,1631803561.055664
flevopark_7,144,1631802301.1879883
flevopark_7,144,1631801053.1220703
flevopark_7,144,1631866637.173584
flevopark_7,144,1631805109.7333984
flevopark_7,144,1638161525.6762695
flevopark_7,144,1631807618.746582
flevopark_7,144,1638209878.8151855
flevopark_7,144,1638208605.9801025
flevopark_7,144,1632434401.2392602
flevopark_7,144,1631880069.6445312
flevopark_7,144,1631878868.7504883
flevopark_7,144,1631877483.4975586
flevopark_7,144,1631829604.745632
flevopark_7,144,1631876278.2434082
flevopark_7,144,1631873782.1119385
flevopark_7,144,1631872562.35532
flevopark_7,144,1638168080.493042
flevopark_7,144,1632520856.6274185
flevopark_7,144,1632002402.3542125
flevopark_7,144,1631819887.0390625
flevopark_7,144,1631874990.0683594
flevopark_7,144,1631830925.2954102
flevopark_7,144,1631832189.8796387
flevopark_7,144,1631833423.7980957
flevopark_7,144,1631894812.4785156
flevopark_7,144,1631893606.878662
flevopark_7,144,1631806393.1674805
flevopark_7,144,1631891021.0982666
flevopark_7,144,1631889732.9184134
flevopark_7,144,1631889231.7631836
flevopark_7,144,1631887981.3242188
flevopark_7,144,1631886615.300293
flevopark_7,144,1631885317.6870117
flevopark_7,144,1631883937.4934082
flevopark_7,144,1631882656.4047852
flevopark_7,144,1631881238.4651184
flevopark_7,144,1631837191.5908203
flevopark_7,144,1631835978.9077148
flevopark_7,144,1631834770.9560547
flevopark_7,144,1631818565.565918
flevopark_7,144,1631817251.6513672
flevopark_7,144,1631892316.342041
flevopark_7,144,1631814788.0644531
flevopark_7,144,1631908212.881958
flevopark_7,144,1631906927.3923073
flevopark_7,144,1631854711.3100586
flevopark_7,144,1631853501.0043945
flevopark_7,144,1631852222.0200195
flevopark_7,144,1631850929.3828125
flevopark_7,144,1631909447.9355469
flevopark_7,144,1631848360.1080322
flevopark_7,144,1632607213.3684855
flevopark_7,144,1632348115.616478
flevopark_7,144,1637820613.7260742
flevopark_7,144,1631811321.0952148
flevopark_7,144,1631808868.0957031
flevopark_7,144,1631816041.3430176
flevopark_7,144,1631846795.1249533
flevopark_7,144,1631910724.4072266
flevopark_7,144,1631810068.194336
flevopark_7,144,1631913247.616211
flevopark_7,144,1631813494.244629
flevopark_7,144,1631812290.0497856
flevopark_7,144,1631905845.5292969
flevopark_7,144,1631904641.040039
flevopark_7,144,1631911979.0532227
flevopark_7,144,1631902120.196289
flevopark_7,144,1631900780.1037598
flevopark_7,144,1631903421.269043
flevopark_7,144,1631898345.323475
flevopark_7,144,1637774423.2548828
flevopark_7,144,1637771203.6767578
flevopark_7,144,1632089128.333374
flevopark_7,144,1638130151.2322998
flevopark_7,144,1631914505.1274414
flevopark_7,144,1631899557.998413
flevopark_8,134,1631845434.4140625
flevopark_8,134,1631844213.4907227
flevopark_8,134,1631843012.5615234
flevopark_8,134,1631841809.8789062
flevopark_8,134,1631840599.864746
flevopark_8,134,1631901981.7402344
flevopark_8,134,1631838190.8912132
flevopark_8,134,1632693604.7627778
flevopark_8,134,1631906892.2998047
flevopark_8,134,1631905686.0683594
flevopark_8,134,1631904480.3164062
flevopark_8,134,1631903256.284668
flevopark_8,134,1631839391.2155762
flevopark_8,134,1631846678.6328125
flevopark_8,134,1632434402.216094
flevopark_8,134,1631891319.1784668
flevopark_8,134,1631900750.6330566
flevopark_8,134,1632607265.3552322
flevopark_8,134,1632175296.9722595
flevopark_8,134,1631974023.3256836
flevopark_8,134,1631972653.1894531
flevopark_8,134,1631971437.5307617
flevopark_8,134,1631890101.789917
flevopark_8,134,1631970156.4169922
flevopark_8,134,1631967624.9009323
flevopark_8,134,1631897359.175293
flevopark_8,134,1631896158.8891602
flevopark_8,134,1631894958.7104492
flevopark_8,134,1631893758.1765137
flevopark_8,134,1631892550.722412
flevopark_8,134,1631968854.9871826
flevopark_8,134,1631899522.4539795
flevopark_8,134,1632780013.380375
flevopark_8,134,1631880160.9604492
flevopark_8,134,1631915500.8244843
flevopark_8,134,1631829609.3025112
flevopark_8,134,1631830810.9277344
flevopark_8,134,1631832014.236084
flevopark_8,134,1631833217.4516602
flevopark_8,134,1631834431.0288086
flevopark_8,134,1631835633.1054688
flevopark_8,134,1631836834.3129883
flevopark_8,134,1631838035.046875
flevopark_8,134,1631916010.032092
flevopark_8,134,1631917210.8428955
flevopark_8,134,1631918423.0202637
flevopark_8,134,1631919647.192871
flevopark_8,134,1631920853.2182617
flevopark_8,134,1631922055.1342773
flevopark_8,134,1631923257.3051758
flevopark_8,134,1631924519.0732422
flevopark_8,134,1631878959.5512695
flevopark_8,134,1631877753.262207
flevopark_8,134,1631876552.4401855
flevopark_8,134,1631875335.3444824
flevopark_8,134,1631874130.2104492
flevopark_8,134,1631872919.4171143
flevopark_8,134,1631898320.6736088
flevopark_8,134,1631915364.015625
flevopark_8,134,1631912957.4448242
flevopark_8,134,1631911754.150879
flevopark_8,134,1631910554.1159668
flevopark_8,134,1631909349.5019531
flevopark_8,134,1631908149.3376465
flevopark_8,134,1631906930.2050362
flevopark_8,134,1631914162.1435547
flevopark_8,134,1631941866.4651031
flevopark_8,134,1632002411.858323
flevopark_8,134,1631946168.8735352
flevopark_8,134,1631881146.7856784
flevopark_8,134,1631882349.4172363
flevopark_8,134,1631883740.1374512
flevopark_8,134,1631884969.3198242
flevopark_8,134,1631944680.6193848
flevopark_8,134,1631887520.1958008
flevopark_8,134,1631889003.7314453
flevopark_8,134,1631933286.0748138
flevopark_8,134,1631934609.7158203
flevopark_8,134,1631935835.210205
flevopark_8,134,1631937127.9243164
flevopark_8,134,1631938445.9174805
flevopark_8,134,1631939650.3842773
flevopark_8,134,1631941177.9794922
flevopark_8,134,1632088890.522789
flevopark_8,134,1632520800.9191494
flevopark_8,134,1631848077.8150635
flevopark_8,134,1631849517.8190918
flevopark_8,134,1631850989.1816406
flevopark_8,134,1631852237.2475586
flevopark_8,134,1631853605.0073242
flevopark_8,134,1631855047.1552734
flevopark_8,134,1631958970.019413
flevopark_8,134,1631960185.059204
flevopark_8,134,1631961393.2285156
flevopark_8,134,1631962780.282959
flevopark_8,134,1631964483.3125
flevopark_8,134,1631965717.618164
flevopark_8,134,1631966982.194336
flevopark_8,134,1632261615.016491
flevopark_8,134,1631846805.3570976
flevopark_8,134,1631932018.9648438
flevopark_8,134,1631886207.9614258
flevopark_8,134,1631929550.3857422
flevopark_8,134,1631948112.9233398
flevopark_8,134,1631949335.0463867
flevopark_8,134,1632866405.244038
flevopark_8,134,1631872716.1721802
flevopark_8,134,1631873927.43396
flevopark_8,134,1631875304.3413086
flevopark_8,134,1631950390.6371346
flevopark_8,134,1631951605.6705322
flevopark_8,134,1631930815.3076172
flevopark_8,134,1631954316.4956055
flevopark_8,134,1631955675.4555664
flevopark_8,134,1631956903.319336
flevopark_8,134,1631958112.9448242
flevopark_8,134,1632348018.8676357
flevopark_8,134,1631864285.0997925
flevopark_8,134,1631953033.0629883
flevopark_8,134,1631867109.8303223
flevopark_8,134,1631928340.88208
flevopark_8,134,1631865526.763794
flevopark_8,134,1631927128.131836
flevopark_8,134,1631925911.767334
flevopark_8,134,1631924708.3645554
flevopark_8,134,1631860988.8574219
flevopark_8,134,1631862713.5048828
flevopark_8,134,1631858353.6843262
flevopark_8,134,1631857140.8510742
flevopark_8,134,1631855646.620819
flevopark_8,134,1631871904.7646484
flevopark_8,134,1631870207.6982422
flevopark_8,134,1631868475.5820312
flevopark_8,134,1631859705.4057617
flevopark_9,330,1633190597.8779297
flevopark_9,330,1633185265.0305176
flevopark_9,330,1633187487.0546875
flevopark_9,330,1633189212.4716797
flevopark_9,330,1638206638.9557724
flevopark_9,330,1633183326.3118744
flevopark_9,330,1638209241.251709
flevopark_9,330,1638210489.3237305
flevopark_9,330,1638212001.6293945
flevopark_9,330,1638214665.2749023
flevopark_9,330,1632348002.3539965
flevopark_9,330,1638207839.8321533
flevopark_9,330,1637821023.524414
flevopark_9,330,1632866402.4245625
flevopark_9,330,1637818525.0297852
flevopark_9,330,1638168783.3277588
flevopark_9,330,1638284952.7832642
flevopark_9,330,1633834821.8658028
flevopark_9,330,1638128526.1083984
flevopark_9,330,1638126405.1108398
flevopark_9,330,1638125131.0878906
flevopark_9,330,1638170376.4660645
flevopark_9,330,1638123279.4919434
flevopark_9,330,1631797621.0253906
flevopark_9,330,1631796339.9257812
flevopark_9,330,1631794966.8183594
flevopark_9,330,1631793574.8325195
flevopark_9,330,1631792373.9577637
flevopark_9,330,1631791081.0563965
flevopark_9,330,1638121318.4611816
flevopark_9,330,1638171925.3222656
flevopark_9,330,1631889768.0260315
flevopark_9,330,1631890978.3441162
flevopark_9,330,1631815321.0529861
flevopark_9,330,1633356022.8713207
flevopark_9,330,1637787440.9404297
flevopark_9,330,1637785860.2233887
flevopark_9,330,1637784251.1878662
flevopark_9,330,1637869162.5336914
flevopark_9,330,1637867779.9863281
flevopark_9,330,1637865432.4882812
flevopark_9,330,1637864196.21167
flevopark_9,330,1637862990.6152344
flevopark_9,330,1631897084.1894531
flevopark_9,330,1631895875.4873047
flevopark_9,330,1631894675.3598633
flevopark_9,330,1631893408.4221191
flevopark_9,330,1631892188.6621094
flevopark_9,330,1631789807.0367737
flevopark_9,330,1637773389.3916016
flevopark_9,330,1637771862.913086
flevopark_9,330,1637770631.052246
flevopark_9,330,1631814208.8457031
flevopark_9,330,1631812974.9335938
flevopark_9,330,1631811766.9726562
flevopark_9,330,1631810551.9375
flevopark_9,330,1631809339.2561035
flevopark_9,330,1631808102.9841309
flevopark_9,330,1631806732.233799
flevopark_9,330,1638166938.9638672
flevopark_9,330,1638164938.4648438
flevopark_9,330,1638162368.7871094
flevopark_9,330,1638160333.1088867
flevopark_9,330,1632693616.2896595
flevopark_9,330,1638085578.1728516
flevopark_9,330,1638084089.8127441
flevopark_9,330,1638082869.274414
flevopark_9,330,1637766292.6322021
flevopark_9,330,1631816526.651001
flevopark_9,330,1637767802.5761719
flevopark_9,330,1637770631.052246
flevopark_9,330,1637769012.8798828
flevopark_9,330,1637767802.5761719
flevopark_9,330,1637766292.6322021
flevopark_9,330,1633489216.4480667
flevopark_9,330,1638370880.2105026
flevopark_9,330,1633921204.183795
flevopark_9,330,1631879982.0610352
flevopark_9,330,1631878738.7070312
flevopark_9,330,1631877533.0996094
flevopark_9,330,1631876327.5144043
flevopark_9,330,1631875124.2668457
flevopark_9,330,1631873866.767334
flevopark_9,330,1631872613.9767342
flevopark_9,330,1637773389.3916016
flevopark_9,330,1637771862.913086
flevopark_9,330,1637769012.8798828
flevopark_9,330,1631817744.0524902
flevopark_9,330,1631818947.743164
flevopark_9,330,1631820162.331543
flevopark_9,330,1638032167.854004
flevopark_9,330,1638030747.5683594
flevopark_9,330,1638025384.5637512
flevopark_9,330,1631828746.432129
flevopark_9,330,1631827521.9580078
flevopark_9,330,1631826313.9992676
flevopark_9,330,1631825108.3972168
flevopark_9,330,1631823904.4321651
flevopark_9,330,1631915515.614091
flevopark_9,330,1633286751.8388672
flevopark_9,330,1633285507.616211
flevopark_9,330,1633284304.375
flevopark_9,330,1633283046.0229492
flevopark_9,330,1633281821.6437988
flevopark_9,330,1633280621.302002
flevopark_9,330,1633402801.269285
flevopark_9,330,1633279406.4317627
flevopark_9,330,1637852878.8823853
flevopark_9,330,1637855597.8581543
flevopark_9,330,1637816979.6855469
flevopark_9,330,1637814450.5152588
flevopark_9,330,1637813105.728363
flevopark_9,330,1633118136.519043
flevopark_9,330,1633116928.4768066
flevopark_9,330,1633115267.3945312
flevopark_9,330,1633113987.7157197
flevopark_9,330,1638041529.6757812
flevopark_9,330,1638039912.0410156
flevopark_9,330,1638037609.3693848
flevopark_9,330,1638036344.786621
flevopark_9,330,1632434410.4289684
flevopark_9,330,1637860124.619629
flevopark_9,330,1637858681.7529297
flevopark_9,330,1637856820.1728516
flevopark_9,330,1637854255.6568604
flevopark_9,330,1637819730.6342773
flevopark_9,330,1633278204.825776
flevopark_9,330,1638117431.7128906
flevopark_9,330,1631910736.546875
flevopark_9,330,1631909526.0976562
flevopark_9,330,1631908325.8500977
flevopark_9,330,1631906917.3520737
flevopark_9,330,1632175213.433382
flevopark_9,330,1633290616.4731445
flevopark_9,330,1633289409.7529297
flevopark_9,330,1633288171.2543945
flevopark_9,330,1633286794.7081814
flevopark_9,330,1637825147.8356934
flevopark_9,330,1637822093.9467163
flevopark_9,330,1633748403.0047905
flevopark_9,330,1631823806.4013672
flevopark_9,330,1631822599.4819336
flevopark_9,330,1631821386.8051758
flevopark_9,330,1631911942.2666016
flevopark_9,330,1638119109.178711
flevopark_9,330,1631913150.5732422
flevopark_9,330,1638072844.430664
flevopark_9,330,1638115760.496582
flevopark_9,330,1638113482.2507324
flevopark_9,330,1638112201.1621704
flevopark_9,330,1631855312.6308594
flevopark_9,330,1631854102.3510742
flevopark_9,330,1631852896.7094727
flevopark_9,330,1631851688.7563477
flevopark_9,330,1631850464.31958
flevopark_9,330,1631849254.0
flevopark_9,330,1631848017.7296143
flevopark_9,330,1631846802.693056
flevopark_9,330,1638079169.7011719
flevopark_9,330,1638077945.2260742
flevopark_9,330,1638076585.3925781
flevopark_9,330,1638074205.7473145
flevopark_9,330,1631914351.652832
flevopark_9,330,1637774679.9770508
flevopark_9,330,1633071284.4067383
flevopark_9,330,1637777781.0114746
flevopark_9,330,1631902032.6289062
flevopark_9,330,1631900824.6660156
flevopark_9,330,1631899619.0662842
flevopark_9,330,1631898338.0833988
flevopark_9,330,1638216636.2695312
flevopark_9,330,1638215357.5466003
flevopark_9,330,1631806011.663086
flevopark_9,330,1631903240.586914
flevopark_9,330,1631804808.421875
flevopark_9,330,1631802213.2236328
flevopark_9,330,1631800825.932129
flevopark_9,330,1631799625.0510254
flevopark_9,330,1631798183.5222855
flevopark_9,330,1633701681.7581558
flevopark_9,330,1633157118.8271484
flevopark_9,330,1633155906.5407715
flevopark_9,330,1631803520.7827148
flevopark_9,330,1631904453.2700195
flevopark_9,330,1631905706.057129
flevopark_9,330,1632607242.4601212
flevopark_9,330,1633096831.1907635
flevopark_9,330,1633064603.3164062
flevopark_9,330,1633063375.0625
flevopark_9,330,1633062160.022461
flevopark_9,330,1633060949.7077637
flevopark_9,330,1633059746.4631348
flevopark_9,330,1633058536.1435547
flevopark_9,330,1633057245.590931
flevopark_9,330,1633575600.032004
flevopark_9,330,1632002440.1375656
flevopark_9,330,1631836988.4169922
flevopark_9,330,1631835778.0957031
flevopark_9,330,1631834473.3657227
flevopark_9,330,1631833254.1240234
flevopark_9,330,1631832053.9069824
flevopark_9,330,1631830842.4464111
flevopark_9,330,1631829625.0466785
flevopark_9,330,1633154674.982666
flevopark_9,330,1633153436.352295
flevopark_9,330,1633152197.7347965
flevopark_9,330,1637912651.3886719
flevopark_9,330,1633021410.6506348
flevopark_9,330,1633020209.8477783
flevopark_9,330,1633018995.5760646
flevopark_9,330,1637905885.4521484
flevopark_9,330,1637904652.3930664
flevopark_9,330,1637903202.0800781
flevopark_9,330,1637901011.9970703
flevopark_9,330,1633152123.609375
flevopark_9,330,1633150918.0131836
flevopark_9,330,1633149710.053711
flevopark_9,330,1633148502.0922852
flevopark_9,330,1633147296.489502
flevopark_9,330,1633146086.1777344
flevopark_9,330,1633144831.0255127
flevopark_9,330,1633143625.4274979
flevopark_9,330,1637782482.6020508
flevopark_9,330,1637781109.9702148
flevopark_9,330,1633022610.7717285
flevopark_9,330,1633098871.9824219
flevopark_9,330,1633023867.3833008
flevopark_9,330,1633026267.6865234
flevopark_9,330,1637910450.1726074
flevopark_9,330,1637908638.2406006
flevopark_9,330,1633237553.6030273
flevopark_9,330,1633234433.8754883
flevopark_9,330,1633232038.2669678
flevopark_9,330,1633230234.6315308
flevopark_9,330,1638046320.8737793
flevopark_9,330,1638044610.7385254
flevopark_9,330,1638043213.6677856
flevopark_9,330,1633018746.5439453
flevopark_9,330,1633017546.4526367
flevopark_9,330,1633016346.4194336
flevopark_9,330,1633015075.2016602
flevopark_9,330,1633013261.2941895
flevopark_9,330,1633011718.3225098
flevopark_9,330,1633010493.5418854
flevopark_9,330,1633027468.7451172
flevopark_9,330,1633025067.6245117
flevopark_9,330,1637776454.2009277
flevopark_9,330,1633101108.597168
flevopark_9,330,1633103937.8623047
flevopark_9,330,1631788279.5219727
flevopark_9,330,1631787076.2807617
flevopark_9,330,1631785851.8989258
flevopark_9,330,1631784634.4140625
flevopark_9,330,1631783421.734375
flevopark_9,330,1631782213.7700195
flevopark_9,330,1631780959.6545715
flevopark_9,330,1631789522.8730469
flevopark_9,330,1631888693.5581055
flevopark_9,330,1631886199.7871094
flevopark_9,330,1631884991.8256836
flevopark_9,330,1631883734.324707
flevopark_9,330,1631882531.081787
flevopark_9,330,1631881327.8373718
flevopark_9,330,1633615488.2058716
flevopark_9,330,1638132797.4101562
flevopark_9,330,1631887445.4941406
flevopark_9,330,1631838192.6336179
flevopark_9,330,1631839396.9932861
flevopark_9,330,1631840601.9865723
flevopark_9,330,1637779128.1870117
flevopark_9,330,1633069906.3339844
flevopark_9,330,1633068699.138916
flevopark_9,330,1633067494.5823975
flevopark_9,330,1633065917.0097504
flevopark_9,330,1633204234.498291
flevopark_9,330,1633203033.4169922
flevopark_9,330,1633201827.82312
flevopark_9,330,1633200571.6609802
flevopark_9,330,1633243931.0039062
flevopark_9,330,1633240824.9890137
flevopark_9,330,1633238714.8192291
flevopark_9,330,1631846671.9423828
flevopark_9,330,1631845456.9101562
flevopark_9,330,1631844239.510254
flevopark_9,330,1631843003.715332
flevopark_9,330,1631841803.597168
flevopark_9,330,1638130760.5679932
flevopark_9,330,1638129286.7927856
flevopark_9,330,1637871511.0255127
flevopark_9,330,1637870247.9509277
flevopark_9,330,1631918411.9360352
flevopark_9,330,1631917209.1712646
flevopark_9,330,1631916005.9297283
flevopark_9,330,1631863012.0375977
flevopark_9,330,1631861738.0214844
flevopark_9,330,1631860530.0585938
flevopark_9,330,1631858987.0756836
flevopark_9,330,1631857781.4760742
flevopark_9,330,1631856578.2348633
flevopark_9,330,1631855372.6352181
flevopark_9,330,1638205644.7128906
flevopark_9,330,1638204443.7822266
flevopark_9,330,1638203165.0839844
flevopark_9,330,1638201796.6970215
flevopark_9,330,1638200234.8435059
flevopark_9,330,1638198809.3518066
flevopark_9,330,1633105141.5048828
flevopark_9,330,1631919613.2910156
flevopark_9,330,1633102368.458496
flevopark_9,330,1631920814.1757812
flevopark_9,330,1631923223.0107422
flevopark_9,330,1633113271.2998047
flevopark_9,330,1633112032.6499023
flevopark_9,330,1633110815.4248047
flevopark_9,330,1633109565.6694336
flevopark_9,330,1633108354.9736328
flevopark_9,330,1633106783.145874
flevopark_9,330,1633105552.1346893
flevopark_9,330,1637999659.5498047
flevopark_9,330,1637996022.4273682
flevopark_9,330,1637994330.980072
flevopark_9,330,1632520800.108804
flevopark_9,330,1633200191.8144531
flevopark_9,330,1633197915.1240234
flevopark_9,330,1633196683.378418
flevopark_9,330,1633195303.1896973
flevopark_9,330,1633192962.2937012
flevopark_9,330,1631924426.2558594
flevopark_9,330,1631922015.057129
flevopark_9,330,1638081652.6644287
